code,category,name,unit,unit_price,notes
LND-A.1.1,أعمال اللاندسكيب والموقع العام,جرانيت أصفر ريفي 200×600×40مم، مطرقي، على بلاطة - رصف مواقف TL9,m²,210.0,"اللاندسكيب - أ. أعمال اللاندسكيب الصلب / LANDSCAPE - A. HARD | 200x600x40mm yellow rustic granite, bush hammered, on RC slab - Parking pavement | مصدر: عرض مشروع قلب نجد 2026"
LND-A.2.1,أعمال اللاندسكيب والموقع العام,جرانيت أصفر ريفي 600×600×40مم، مطرقي - رصف ممر مركبات TL6,m²,230.0,"اللاندسكيب - أ. أعمال اللاندسكيب الصلب / LANDSCAPE - A. HARD | 600x600x40mm yellow rustic granite, bush hammered, on RC slab - Driveway pavemen | مصدر: عرض مشروع قلب نجد 2026"
LND-A.3.1,أعمال اللاندسكيب والموقع العام,حافة ستانلس 40×6مم - رصف مثلثي MT1,mrun,85.0,اللاندسكيب - أ. أعمال اللاندسكيب الصلب / LANDSCAPE - A. HARD | 40x6mm stainless steel edging - Triangular pavement MT1 | مصدر: عرض مشروع قلب نجد 2026
LND-A.4.1,أعمال اللاندسكيب والموقع العام,جرانيت أصفر ريفي 225×600×40مم، مصقول - نمط مثلثي TL8,m²,270.0,"اللاندسكيب - أ. أعمال اللاندسكيب الصلب / LANDSCAPE - A. HARD | 225x600x40mm yellow rustic granite, polished - Triangular pattern TL8 | مصدر: عرض مشروع قلب نجد 2026"
LND-A.5.1,أعمال اللاندسكيب والموقع العام,كسوة حجر رياض 20مم لجدار محيطي، تثبيت جاف ستانلس - TL13,m²,230.0,"اللاندسكيب - أ. أعمال اللاندسكيب الصلب / LANDSCAPE - A. HARD | 20mm Riyadh limestone cladding to perimeter wall, dry fixed SS system - TL13 | مصدر: عرض مشروع قلب نجد 2026"
LND-A.6.1,أعمال اللاندسكيب والموقع العام,حجر رياض 600×600×20مم تشطيب عتيق - أبرون المبنى TL1,m²,210.0,اللاندسكيب - أ. أعمال اللاندسكيب الصلب / LANDSCAPE - A. HARD | 600x600x20mm Riyadh limestone antique finish - Building apron TL1 | مصدر: عرض مشروع قلب نجد 2026
LND-A.7.1,أعمال اللاندسكيب والموقع العام,شلال مائي كبير قاعدة وجدران خرسانية 35200×5500×450مم شامل العزل,LS,132000.0,اللاندسكيب - أ. أعمال اللاندسكيب الصلب / LANDSCAPE - A. HARD | Grand water cascade RC base/walls 35200x5500x450mm incl waterproofing | مصدر: عرض مشروع قلب نجد 2026
LND-A.7.2,أعمال اللاندسكيب والموقع العام,جرانيت أسود مصقول 600×600×20مم - أرضية/جدار داخلي الشلال TL5,m²,370.0,اللاندسكيب - أ. أعمال اللاندسكيب الصلب / LANDSCAPE - A. HARD | 600x600x20mm black granite polished - Cascade floor/internal wall TL5 | مصدر: عرض مشروع قلب نجد 2026
LND-A.7.3,أعمال اللاندسكيب والموقع العام,موزاييك أسود مطفي 33×80مم - جدار خارجي الشلال TL14,m²,300.0,اللاندسكيب - أ. أعمال اللاندسكيب الصلب / LANDSCAPE - A. HARD | 33x80mm black scale light mosaic matte - Cascade external wall TL14 | مصدر: عرض مشروع قلب نجد 2026
LND-A.8.1,أعمال اللاندسكيب والموقع العام,لوحة مضيئة 'قلب نجد' 6925×800×100مم، إطار ستانلس + أكريليك,LS,61200.0,"اللاندسكيب - أ. أعمال اللاندسكيب الصلب / LANDSCAPE - A. HARD | Light box lettering 'قلب نجد' 6925x800x100mm, 29LT Azer Medium, SS frame + acryl | مصدر: عرض مشروع قلب نجد 2026"
LND-A.8.2,أعمال اللاندسكيب والموقع العام,لوحة مضيئة 'NJD'S HEART' 6955×825×100مم، إطار ستانلس + أكريليك,LS,69850.0,"اللاندسكيب - أ. أعمال اللاندسكيب الصلب / LANDSCAPE - A. HARD | Light box lettering 'NJD'S HEART' 6955x825x100mm, Fedra Sans Pro Book, SS frame  | مصدر: عرض مشروع قلب نجد 2026"
LND-A.8.3,أعمال اللاندسكيب والموقع العام,لوحة خلفية 7800×3700×200مم، هيكل فولاذي مجلفن ملحوم، إيبوكسي,LS,50500.0,"اللاندسكيب - أ. أعمال اللاندسكيب الصلب / LANDSCAPE - A. HARD | Backdrop panel 7800x3700x200mm, welded 50x50x3mm galvanized MS hollow section, e | مصدر: عرض مشروع قلب نجد 2026"
LND-A.8.4,أعمال اللاندسكيب والموقع العام,كسوة جرانيت 20مم للخلفية، نظام تثبيت جاف، كليبسات ستانلس مخفية,LS,42000.0,"اللاندسكيب - أ. أعمال اللاندسكيب الصلب / LANDSCAPE - A. HARD | 20mm granite cladding to backdrop, dry-fix system, concealed SS clips triangular | مصدر: عرض مشروع قلب نجد 2026"
LND-A.8.5,أعمال اللاندسكيب والموقع العام,توريد وتركيب منحوتات حسب هوية المشروع (داخلي وخارجي),LS,30000.0,اللاندسكيب - أ. أعمال اللاندسكيب الصلب / LANDSCAPE - A. HARD | Sculpture supply & installation per RFP project identity (internal & external) | مصدر: عرض مشروع قلب نجد 2026
LND-A.9.1,أعمال اللاندسكيب والموقع العام,نافورة مركزية قاعدة وجدران خرسانية 58047×1410×710مم شامل العزل,LS,150000.0,اللاندسكيب - أ. أعمال اللاندسكيب الصلب / LANDSCAPE - A. HARD | Central water feature RC base/walls 58047x1410x710mm incl waterproofing | مصدر: عرض مشروع قلب نجد 2026
LND-A.9.2,أعمال اللاندسكيب والموقع العام,جرانيت أسود مصقول 600×600×20مم - جدار داخلي النافورة TL5,m²,410.0,اللاندسكيب - أ. أعمال اللاندسكيب الصلب / LANDSCAPE - A. HARD | 600x600x20mm black granite polished - Central feature internal wall TL5 | مصدر: عرض مشروع قلب نجد 2026
LND-A.9.3,أعمال اللاندسكيب والموقع العام,جرانيت أسود مصقول 600×600×20مم - جدار خارجي نوع 1 TL5,m²,400.0,اللاندسكيب - أ. أعمال اللاندسكيب الصلب / LANDSCAPE - A. HARD | 600x600x20mm black granite polished - Central feature external wall type 1 TL5 | مصدر: عرض مشروع قلب نجد 2026
LND-A.9.4,أعمال اللاندسكيب والموقع العام,موزاييك ذهبي مطفي 33×80مم - جدار خارجي نوع 2 TL7,m²,360.0,اللاندسكيب - أ. أعمال اللاندسكيب الصلب / LANDSCAPE - A. HARD | 33x80mm gold scale light mosaic matte - Central feature external wall type 2 TL7 | مصدر: عرض مشروع قلب نجد 2026
LND-A.10.1,أعمال اللاندسكيب والموقع العام,صرف خطي شبك ستانلس 3-5مم + حصى أبيض - ST1,m²,310.0,اللاندسكيب - أ. أعمال اللاندسكيب الصلب / LANDSCAPE - A. HARD | Scupper drain 3-5mm SS grating brushed + 15-20mm white gravel - ST1 | مصدر: عرض مشروع قلب نجد 2026
LND-A.11.1,أعمال اللاندسكيب والموقع العام,حافة ستانلس 40مم ارتفاع، 6مم على حوض - MT3,mrun,98.0,"اللاندسكيب - أ. أعمال اللاندسكيب الصلب / LANDSCAPE - A. HARD | 40mm H, 6mm SS edging on RC planter - MT3 | مصدر: عرض مشروع قلب نجد 2026"
LND-A.12.1,أعمال اللاندسكيب والموقع العام,صادم سيارات 300مم × 75مم GI دهان أسود مطفي - حاجز أمان MT2,mrun,260.0,اللاندسكيب - أ. أعمال اللاندسكيب الصلب / LANDSCAPE - A. HARD | 300mm H x 75mm dia car stopper GI powder coated black matte - Safety railing MT2 | مصدر: عرض مشروع قلب نجد 2026
LND-A.13.1,أعمال اللاندسكيب والموقع العام,درجات طافية - 8 قطع 3500×650مم، قائمة 170مم، خرسانة + جرانيت 40مم TL10,m²,480.0,"اللاندسكيب - أ. أعمال اللاندسكيب الصلب / LANDSCAPE - A. HARD | Floating steps tread/riser - 8 pcs 3500x650mm, 170mm riser, RC + 40mm granite TL | مصدر: عرض مشروع قلب نجد 2026"
LND-A.13.2,أعمال اللاندسكيب والموقع العام,أنف درجات شريط ستانلس 3مم - MT1,mrun,85.0,اللاندسكيب - أ. أعمال اللاندسكيب الصلب / LANDSCAPE - A. HARD | Steps nosing 3mm SS strip inlay - MT1 | مصدر: عرض مشروع قلب نجد 2026
LND-A.13.3,أعمال اللاندسكيب والموقع العام,درابزين 900مم × 10مم GI دهان أسود - MT4,mrun,420.0,اللاندسكيب - أ. أعمال اللاندسكيب الصلب / LANDSCAPE - A. HARD | 900mm H x 10mm GI steel rod railing black powder coated - MT4 | مصدر: عرض مشروع قلب نجد 2026
LND-A.14.1,أعمال اللاندسكيب والموقع العام,درجات سلم 300×600×20مم جرانيت أصفر مطرقي - TL11,m²,360.0,اللاندسكيب - أ. أعمال اللاندسكيب الصلب / LANDSCAPE - A. HARD | Staircase tread/riser 300x600x20mm yellow rustic granite bush hammered - TL11 | مصدر: عرض مشروع قلب نجد 2026
LND-A.14.2,أعمال اللاندسكيب والموقع العام,أنف درجات شريط ستانلس 3مم - MT1,mrun,90.0,اللاندسكيب - أ. أعمال اللاندسكيب الصلب / LANDSCAPE - A. HARD | Steps nosing 3mm SS strip inlay - MT1 | مصدر: عرض مشروع قلب نجد 2026
LND-A.14.3,أعمال اللاندسكيب والموقع العام,درابزين 900مم × 40مم GI دهان أسود - MT4,mrun,375.0,اللاندسكيب - أ. أعمال اللاندسكيب الصلب / LANDSCAPE - A. HARD | 900mm H x 40mm dia GI steel railing black powder coated - MT4 | مصدر: عرض مشروع قلب نجد 2026
LND-A.15.1,أعمال اللاندسكيب والموقع العام,كربستون جرانيت ممر 300×600×150مم مشطوف، على فرشة خرسانية - TL12,mrun,195.0,"اللاندسكيب - أ. أعمال اللاندسكيب الصلب / LANDSCAPE - A. HARD | Granite driveway kerb 300x600x150mm chamfered, on concrete bedding - TL12 | مصدر: عرض مشروع قلب نجد 2026"
LND-A.16.1,أعمال اللاندسكيب والموقع العام,حوض فولاذي مجلفن 450مم، دهان برونزي - مدرج MT3,m²,480.0,"اللاندسكيب - أ. أعمال اللاندسكيب الصلب / LANDSCAPE - A. HARD | 450mm H galvanized steel planter, bronze powder coated - Tiered MT3 | مصدر: عرض مشروع قلب نجد 2026"
LND-A.16.2,أعمال اللاندسكيب والموقع العام,حوض فولاذي مجلفن 600مم، دهان برونزي - مدرج MT3,m²,480.0,"اللاندسكيب - أ. أعمال اللاندسكيب الصلب / LANDSCAPE - A. HARD | 600mm H galvanized steel planter, bronze powder coated - Tiered MT3 | مصدر: عرض مشروع قلب نجد 2026"
LND-A.16.3,أعمال اللاندسكيب والموقع العام,حوض فولاذي مجلفن 900مم، دهان برونزي - مدرج MT3,m²,480.0,"اللاندسكيب - أ. أعمال اللاندسكيب الصلب / LANDSCAPE - A. HARD | 900mm H galvanized steel planter, bronze powder coated - Tiered MT3 | مصدر: عرض مشروع قلب نجد 2026"
LND-A.17.1,أعمال اللاندسكيب والموقع العام,حوض فولاذي مجلفن 450مم برونزي - معرض الإنزال MT3,m²,480.0,اللاندسكيب - أ. أعمال اللاندسكيب الصلب / LANDSCAPE - A. HARD | 450mm H galvanized steel planter bronze - Gallery dropoff MT3 | مصدر: عرض مشروع قلب نجد 2026
LND-A.18.1,أعمال اللاندسكيب والموقع العام,لوحة مضيئة 'قلب نجد' 4410×520×50مم إطار ستانلس + أكريليك,LS,28000.0,اللاندسكيب - أ. أعمال اللاندسكيب الصلب / LANDSCAPE - A. HARD | Light box lettering 'قلب نجد' 4410x520x50mm SS frame + acrylic | مصدر: عرض مشروع قلب نجد 2026
LND-A.18.2,أعمال اللاندسكيب والموقع العام,لوحة مضيئة 'NJD'S HEART' 4410×530×50مم إطار ستانلس + أكريليك,LS,29500.0,اللاندسكيب - أ. أعمال اللاندسكيب الصلب / LANDSCAPE - A. HARD | Light box lettering 'NJD'S HEART' 4410x530x50mm SS frame + acrylic | مصدر: عرض مشروع قلب نجد 2026
LND-A.19.1,أعمال اللاندسكيب والموقع العام,لوحة إرشادية اتجاهية 270×750×100مم فولاذ مجلفن برونزي، مضيئة LED,nos,2450.0,"اللاندسكيب - أ. أعمال اللاندسكيب الصلب / LANDSCAPE - A. HARD | Wayfinding directional signage 270x750x100mm galvanized steel bronze, LED illumi | مصدر: عرض مشروع قلب نجد 2026"
LND-A.20.1,أعمال اللاندسكيب والموقع العام,عمود حماية دائري 100مم × 900مم × 3مم ستانلس,nos,785.0,اللاندسكيب - أ. أعمال اللاندسكيب الصلب / LANDSCAPE - A. HARD | Circular bollard 100mm dia x 900mm H x 3mm SS | مصدر: عرض مشروع قلب نجد 2026
LND-A.21.1,أعمال اللاندسكيب والموقع العام,حوض فولاذي مجلفن 450مم برونزي - الركن الجنوبي الغربي MT3,m²,480.0,اللاندسكيب - أ. أعمال اللاندسكيب الصلب / LANDSCAPE - A. HARD | 450mm H galvanized steel planter bronze - SW corner MT3 | مصدر: عرض مشروع قلب نجد 2026
LND-A.21.2,أعمال اللاندسكيب والموقع العام,حوض فولاذي مجلفن 600مم برونزي - الركن الجنوبي الغربي MT3,m²,480.0,اللاندسكيب - أ. أعمال اللاندسكيب الصلب / LANDSCAPE - A. HARD | 600mm H galvanized steel planter bronze - SW corner MT3 | مصدر: عرض مشروع قلب نجد 2026
LND-A.21.3,أعمال اللاندسكيب والموقع العام,حوض فولاذي مجلفن 900مم برونزي - الركن الجنوبي الغربي MT3,m²,480.0,اللاندسكيب - أ. أعمال اللاندسكيب الصلب / LANDSCAPE - A. HARD | 900mm H galvanized steel planter bronze - SW corner MT3 | مصدر: عرض مشروع قلب نجد 2026
LND-A.22.1,أعمال اللاندسكيب والموقع العام,لوحة مضيئة 'قلب نجد' 4410×520×50مم - الركن الجنوبي الغربي,LS,35000.0,اللاندسكيب - أ. أعمال اللاندسكيب الصلب / LANDSCAPE - A. HARD | Light box lettering 'قلب نجد' 4410x520x50mm SS frame + acrylic - SW corner | مصدر: عرض مشروع قلب نجد 2026
LND-A.22.2,أعمال اللاندسكيب والموقع العام,لوحة مضيئة 'NJD'S HEART' 4410×530×50مم - الركن الجنوبي الغربي,LS,35000.0,اللاندسكيب - أ. أعمال اللاندسكيب الصلب / LANDSCAPE - A. HARD | Light box lettering 'NJD'S HEART' 4410x530x50mm SS frame + acrylic - SW corner | مصدر: عرض مشروع قلب نجد 2026
LND-B.1.1,أعمال اللاندسكيب والموقع العام,خلطة تربة للأحواض (بيرلايت 30%، كوكوبيت 30%، سماد 20%، محسّن 15%، رمل 5%),m³,170.0,"اللاندسكيب - ب. أعمال اللاندسكيب الناعم / LANDSCAPE - B. SOF | Soil mix for planter (Perlite/Pumice 30%, Cocopeat 30%, Compost 20%, Conditioner | مصدر: عرض مشروع قلب نجد 2026"
LND-B.1.2,أعمال اللاندسكيب والموقع العام,تدعيم رباعي للأشجار >300مم، 4 قوائم فولاذ 75×75×2400مم,nos,210.0,"اللاندسكيب - ب. أعمال اللاندسكيب الناعم / LANDSCAPE - B. SOF | Quad staking for trees >300mm dia, 4 MS steel 75x75x2400mm powder coated | مصدر: عرض مشروع قلب نجد 2026"
LND-B.1.3,أعمال اللاندسكيب والموقع العام,درينسل 25مم لأرضية/جدار الحوض + جيوتكستايل,m²,40.0,اللاندسكيب - ب. أعمال اللاندسكيب الناعم / LANDSCAPE - B. SOF | 25mm draincell to floor/wall of planter box + geotextile | مصدر: عرض مشروع قلب نجد 2026
LND-B.1.4,أعمال اللاندسكيب والموقع العام,نظام تثبيت أشجار تحت الأرض D-MAN (إلميخ أو ما يعادله),nos,220.0,اللاندسكيب - ب. أعمال اللاندسكيب الناعم / LANDSCAPE - B. SOF | Underground tree anchoring D-MAN modules (Elmich or equal) | مصدر: عرض مشروع قلب نجد 2026
LND-B.2.1,أعمال اللاندسكيب والموقع العام,شجرة زيتون TD1200مم OH3م,nos,2500.0,اللاندسكيب - ب. أعمال اللاندسكيب الناعم / LANDSCAPE - B. SOF | Olea europea (Olive Tree) TD1200mm OH3m | مصدر: عرض مشروع قلب نجد 2026
LND-B.2.2,أعمال اللاندسكيب والموقع العام,نخيل مروحي أوروبي TD200مم OH3.5م متعدد السيقان,nos,1550.0,اللاندسكيب - ب. أعمال اللاندسكيب الناعم / LANDSCAPE - B. SOF | Chamaerops humilis (European fan palm) TD200mm OH3.5m multitrunk | مصدر: عرض مشروع قلب نجد 2026
LND-B.2.3,أعمال اللاندسكيب والموقع العام,شجرة أرجون TD200مم OH5م,nos,1800.0,اللاندسكيب - ب. أعمال اللاندسكيب الناعم / LANDSCAPE - B. SOF | Terminalia arjuna (Arjun tree) TD200mm OH5m | مصدر: عرض مشروع قلب نجد 2026
LND-B.2.4,أعمال اللاندسكيب والموقع العام,نخيل تمر TD600مم OH10م,nos,3500.0,اللاندسكيب - ب. أعمال اللاندسكيب الناعم / LANDSCAPE - B. SOF | Phoenix dactylifera (Date palm) TD600mm OH10m | مصدر: عرض مشروع قلب نجد 2026
LND-B.2.5,أعمال اللاندسكيب والموقع العام,شجيرة باروميتر OH450مم,nos,23.0,اللاندسكيب - ب. أعمال اللاندسكيب الناعم / LANDSCAPE - B. SOF | Leucophyllum frutescens (Barometer bush) OH450mm | مصدر: عرض مشروع قلب نجد 2026
LND-B.2.6,أعمال اللاندسكيب والموقع العام,قطف متوسطي OH450مم,nos,23.0,اللاندسكيب - ب. أعمال اللاندسكيب الناعم / LANDSCAPE - B. SOF | Atriplex halimus (Mediterranean saltbush) OH450mm | مصدر: عرض مشروع قلب نجد 2026
LND-B.2.7,أعمال اللاندسكيب والموقع العام,ياسمين بري OH450مم,nos,23.0,اللاندسكيب - ب. أعمال اللاندسكيب الناعم / LANDSCAPE - B. SOF | Clerodendrum inerme (Wild Jasmine) OH450mm | مصدر: عرض مشروع قلب نجد 2026
LND-B.2.8,أعمال اللاندسكيب والموقع العام,حناء OH450مم,nos,23.0,اللاندسكيب - ب. أعمال اللاندسكيب الناعم / LANDSCAPE - B. SOF | Lawsonia inermis (Henna) OH450mm | مصدر: عرض مشروع قلب نجد 2026
LND-B.3.1,أعمال اللاندسكيب والموقع العام,نظام ري آلي كامل (يعادل مواصفات Urban Hydro),LS,102000.0,اللاندسكيب - ب. أعمال اللاندسكيب الناعم / LANDSCAPE - B. SOF | Auto-irrigation system complete (equivalent to Urban Hydro spec) | مصدر: عرض مشروع قلب نجد 2026
LND-B.3.2,أعمال اللاندسكيب والموقع العام,وحدة تحكم ري Rain Bird ESP-RZXE,nos,1100.0,اللاندسكيب - ب. أعمال اللاندسكيب الناعم / LANDSCAPE - B. SOF | Rain Bird ESP-RZXE irrigation control box timer | مصدر: عرض مشروع قلب نجد 2026
LND-B.3.3,أعمال اللاندسكيب والموقع العام,محبس تحكم Rain Bird 100 DV 1 بوصة,nos,550.0,"اللاندسكيب - ب. أعمال اللاندسكيب الناعم / LANDSCAPE - B. SOF | Rain Bird 100 DV 1"" control valve in valve box | مصدر: عرض مشروع قلب نجد 2026"
LND-B.3.4,أعمال اللاندسكيب والموقع العام,أنابيب تنقيط تحت السطح 16-18مم,mrun,20.0,اللاندسكيب - ب. أعمال اللاندسكيب الناعم / LANDSCAPE - B. SOF | 16-18mm OD subsurface drip tubing | مصدر: عرض مشروع قلب نجد 2026
LND-B.3.5,أعمال اللاندسكيب والموقع العام,نقطة مياه 1 بوصة,nos,350.0,"اللاندسكيب - ب. أعمال اللاندسكيب الناعم / LANDSCAPE - B. SOF | 1"" water inlet/tap point | مصدر: عرض مشروع قلب نجد 2026"
LND-B.4.1,أعمال اللاندسكيب والموقع العام,تسوية بلاطة خرسانية 10سم + أضلاع خرسانة خفيفة + عزل مائي,m²,110.0,"اللاندسكيب - ب. أعمال اللاندسكيب الناعم / LANDSCAPE - B. SOF | Leveling RC slab 10cm (300 kg/cm²) + lightweight concrete ribs, voids w/ foam, w | مصدر: عرض مشروع قلب نجد 2026"
INT-5.1.1,التشطيبات الداخلية والأعمال المعمارية,درج حلزوني (طول كلي 9م، ارتفاع رأسي 3.5م),No,82000.0,"القسم 5 - الأعمال المعدنية / DIVISION 5 - METAL WORKS | Helical Stair (total length 9.0m, vertical height 3.5m) | مصدر: عرض مشروع قلب نجد 2026"
INT-5.2.1,التشطيبات الداخلية والأعمال المعمارية,لوح ألمنيوم 4مم دهان رش لاكيه؛ ارتفاع 1500مم (درابزين),Item,29925.0,القسم 5 - الأعمال المعدنية / DIVISION 5 - METAL WORKS | 4mm BMT aluminum plate spray lacquered coating; 1500mm high (Balustrade) | مصدر: عرض مشروع قلب نجد 2026
INT-5.4.1,التشطيبات الداخلية والأعمال المعمارية,درابزين منحني نحاس 38مم قطر × 1.5مم,Item,18000.0,القسم 5 - الأعمال المعدنية / DIVISION 5 - METAL WORKS | Curved handrail 38mm dia x 1.5mm BMT Brass tube | مصدر: عرض مشروع قلب نجد 2026
INT-5.5.1,التشطيبات الداخلية والأعمال المعمارية,لوح ألمنيوم 4مم، ملحوم/مصقول، دهان رش لاكيه,m²,525.0,"القسم 5 - الأعمال المعدنية / DIVISION 5 - METAL WORKS | BMT aluminum plate 4mm thick, welded/polished, spray lacquered | مصدر: عرض مشروع قلب نجد 2026"
INT-5.6.1,التشطيبات الداخلية والأعمال المعمارية,لوح ألمنيوم جداري 5مم، ملحوم/مصقول، دهان رش لاكيه,m²,572.0,"القسم 5 - الأعمال المعدنية / DIVISION 5 - METAL WORKS | BMT aluminum wall panel 5mm thick, welded/polished, spray lacquered | مصدر: عرض مشروع قلب نجد 2026"
INT-5.7.1,التشطيبات الداخلية والأعمال المعمارية,قاطع 6مم لوح ألمنيوم دهان رش لاكيه (لوبي أرضي ج/ش، دورة مياه ميزانين ش),m²,645.0,"القسم 5 - الأعمال المعدنية / DIVISION 5 - METAL WORKS | Screen 6mm thick BMT aluminum sheet spray lacquered (GF lobby S/N, mezz toilet N | مصدر: عرض مشروع قلب نجد 2026"
INT-5.8.1,التشطيبات الداخلية والأعمال المعمارية,كاونتر معدني نحاس 2.0مم ملحوم/مصقول (لوبي أرضي),m²,2700.0,القسم 5 - الأعمال المعدنية / DIVISION 5 - METAL WORKS | Metal counter BMT brass plate 2.0mm thick welded/polished (GF lobby) | مصدر: عرض مشروع قلب نجد 2026
INT-5.9.1,التشطيبات الداخلية والأعمال المعمارية,قاطع نحاس 6مم زخرفة نحاسية مصقولة (لوبي أرضي ج/ش),m²,1850.0,القسم 5 - الأعمال المعدنية / DIVISION 5 - METAL WORKS | Brass sheet screen 6mm thick Brass ornament polished (GF lobby S/N) | مصدر: عرض مشروع قلب نجد 2026
INT-8.1.1,التشطيبات الداخلية والأعمال المعمارية,بوابة إلكترونية أوتوماتيكية KONE مع تحكم دخول وإنذار حريق، 1900×1020مم DR4,Item,22000.0,"القسم 8 - الأبواب والنوافذ / DIVISION 8 - DOORS AND WINDOWS | KONE automated electronic turnstile w/ access control & fire alarm, polycarbonat | مصدر: عرض مشروع قلب نجد 2026"
INT-8.1.2,التشطيبات الداخلية والأعمال المعمارية,باب صلب 18مم بكسوة حجر طبيعي، دهان مصنعي للخلف,No,6500.0,"القسم 8 - الأبواب والنوافذ / DIVISION 8 - DOORS AND WINDOWS | Solid core door 18mm natural stone facing, factory lacquer reverse (5241 4.3) | مصدر: عرض مشروع قلب نجد 2026"
INT-8.1.3,التشطيبات الداخلية والأعمال المعمارية,باب حريق فولاذي 60/60 دقيقة، كسوة حجر 18مم,No,5200.0,"القسم 8 - الأبواب والنوافذ / DIVISION 8 - DOORS AND WINDOWS | FRR -/60/60sm steel fire/smokestop door, hold-open, 18mm stone facing (5241 4.1) | مصدر: عرض مشروع قلب نجد 2026"
INT-8.1.4,التشطيبات الداخلية والأعمال المعمارية,باب حريق 60/60 دقيقة، دهان مصنعي,No,4200.0,"القسم 8 - الأبواب والنوافذ / DIVISION 8 - DOORS AND WINDOWS | FRR -/60/60sm fire/smokestop door, factory lacquer (5241 4.2) | مصدر: عرض مشروع قلب نجد 2026"
INT-8.1.5,التشطيبات الداخلية والأعمال المعمارية,باب صلب بكسوة نحاس 0.5مم على 4 جهات، إكسسوار نحاسي,No,7000.0,"القسم 8 - الأبواب والنوافذ / DIVISION 8 - DOORS AND WINDOWS | Solid core door 0.5mm BMT brass sheet facing 4/4 sides, brass privacy hardware ( | مصدر: عرض مشروع قلب نجد 2026"
INT-8.2.1,التشطيبات الداخلية والأعمال المعمارية,إصلاح إطارات أبواب المناور بجميع الأدوار,No,280.0,القسم 8 - الأبواب والنوافذ / DIVISION 8 - DOORS AND WINDOWS | Repair shaft door frames in all floors | مصدر: عرض مشروع قلب نجد 2026
INT-8.2.2,التشطيبات الداخلية والأعمال المعمارية,إصلاح وتركيب أبواب بجميع الأدوار,No,350.0,القسم 8 - الأبواب والنوافذ / DIVISION 8 - DOORS AND WINDOWS | Repair and installing door in all floors | مصدر: عرض مشروع قلب نجد 2026
INT-8.2.3,التشطيبات الداخلية والأعمال المعمارية,إصلاح وتركيب إطارات أبواب دفاع مدني مزدوجة,No,785.0,القسم 8 - الأبواب والنوافذ / DIVISION 8 - DOORS AND WINDOWS | Repair installing civil defense two-paddle door frames | مصدر: عرض مشروع قلب نجد 2026
INT-8.2.4,التشطيبات الداخلية والأعمال المعمارية,إصلاح إطارات أبواب دفاع مدني,No,630.0,القسم 8 - الأبواب والنوافذ / DIVISION 8 - DOORS AND WINDOWS | Repair civil defense door frames | مصدر: عرض مشروع قلب نجد 2026
INT-8.2.5,التشطيبات الداخلية والأعمال المعمارية,إصلاح وتركيب إطارات أبواب مناور بجميع الأدوار,No,345.0,القسم 8 - الأبواب والنوافذ / DIVISION 8 - DOORS AND WINDOWS | Repair and installing shaft door frames in all floors | مصدر: عرض مشروع قلب نجد 2026
INT-8.2.6,التشطيبات الداخلية والأعمال المعمارية,إصلاح إطارات أبواب دفاع مدني,No,675.0,القسم 8 - الأبواب والنوافذ / DIVISION 8 - DOORS AND WINDOWS | Repairing civil defense door frames | مصدر: عرض مشروع قلب نجد 2026
INT-8.3.1,التشطيبات الداخلية والأعمال المعمارية,باب حريق دفاع مدني 90 دقيقة، مزدوج 1.40م، كامل,No,3900.0,"القسم 8 - الأبواب والنوافذ / DIVISION 8 - DOORS AND WINDOWS | Civil Defense fire-rated steel door 90 min, double-leaf 1.40m wide, complete | مصدر: عرض مشروع قلب نجد 2026"
INT-8.3.2,التشطيبات الداخلية والأعمال المعمارية,باب حريق دفاع مدني 90 دقيقة، مزدوج 1.60م، كامل,No,4100.0,"القسم 8 - الأبواب والنوافذ / DIVISION 8 - DOORS AND WINDOWS | Civil Defense fire-rated steel door 90 min, double-leaf 1.60m wide, complete | مصدر: عرض مشروع قلب نجد 2026"
INT-8.3.3,التشطيبات الداخلية والأعمال المعمارية,باب حريق دفاع مدني 90 دقيقة، فردي 0.90م، كامل,No,2300.0,"القسم 8 - الأبواب والنوافذ / DIVISION 8 - DOORS AND WINDOWS | Civil Defense fire-rated steel door 90 min, single-leaf 0.90m wide, complete | مصدر: عرض مشروع قلب نجد 2026"
INT-9.1.1,التشطيبات الداخلية والأعمال المعمارية,دهان إيبوكسي رمادي مطفي شامل اتجاهات المسارات وأرقام المواقف,m²,50.0,القسم 9 - تشطيبات الأرضيات / DIVISION 9 - FLOOR FINISHES | MATTE GRAY epoxy coatings incl pathway direction & parking number (all basements | مصدر: عرض مشروع قلب نجد 2026
INT-9.1.2,التشطيبات الداخلية والأعمال المعمارية,بلاط حجر رملي طبيعي 30مم مع حشوات معدنية,m²,480.0,"القسم 9 - تشطيبات الأرضيات / DIVISION 9 - FLOOR FINISHES | 30mm natural sandstone tiles with metal inlays, clear sealant (6221 4.4) | مصدر: عرض مشروع قلب نجد 2026"
INT-9.1.3,التشطيبات الداخلية والأعمال المعمارية,أرضيات إنترلوك شاملة التسليح وفواصل التحكم,m²,65.0,"القسم 9 - تشطيبات الأرضيات / DIVISION 9 - FLOOR FINISHES | Interlock bricks flooring incl reinforcement, control joints, sealant | مصدر: عرض مشروع قلب نجد 2026"
INT-9.1.4,التشطيبات الداخلية والأعمال المعمارية,كربستون خرساني سابق الصب 150مم شامل قاعدة 100مم,Lm,40.0,القسم 9 - تشطيبات الأرضيات / DIVISION 9 - FLOOR FINISHES | 150mm precast concrete curbstone incl 100mm concrete base | مصدر: عرض مشروع قلب نجد 2026
INT-9.1.5.1,التشطيبات الداخلية والأعمال المعمارية,عزل مائي مناطق رطبة - الأرضي حتى 57 (لياسة 20مم + طبقتين بيتومين مطاطي),m²,65.0,القسم 9 - تشطيبات الأرضيات / DIVISION 9 - FLOOR FINISHES | Wet area waterproofing - Ground to 57th floor (20mm screed + 2 coats rubberized  | مصدر: عرض مشروع قلب نجد 2026
INT-9.1.5.2,التشطيبات الداخلية والأعمال المعمارية,عزل مائي مناطق رطبة - دور نموذجي البرج الشمالي,m²,65.0,القسم 9 - تشطيبات الأرضيات / DIVISION 9 - FLOOR FINISHES | Wet area waterproofing - Typical floor North tower | مصدر: عرض مشروع قلب نجد 2026
INT-9.1.5.3,التشطيبات الداخلية والأعمال المعمارية,عزل مائي مناطق رطبة - من 54 إلى 56,m²,60.0,القسم 9 - تشطيبات الأرضيات / DIVISION 9 - FLOOR FINISHES | Wet area waterproofing - From 54th to 56th floor | مصدر: عرض مشروع قلب نجد 2026
INT-9.1.5.4,التشطيبات الداخلية والأعمال المعمارية,عزل مائي مناطق رطبة - من 25 إلى 56,m²,60.0,القسم 9 - تشطيبات الأرضيات / DIVISION 9 - FLOOR FINISHES | Wet area waterproofing - From 25th to 56th floor | مصدر: عرض مشروع قلب نجد 2026
INT-9.1.6.1,التشطيبات الداخلية والأعمال المعمارية,حشوات نحاس أرضية 10×25مم مصقولة للمصاعد,Lm,110.0,القسم 9 - تشطيبات الأرضيات / DIVISION 9 - FLOOR FINISHES | 10mm x 25mm BRASS flooring inserts polished for elevator (4910 4.1) | مصدر: عرض مشروع قلب نجد 2026
INT-9.2.1,التشطيبات الداخلية والأعمال المعمارية,إصلاح وتوريد وتطبيق لياسة جدران 20مم - داخلي,m²,28.0,القسم 9 - تشطيبات الجدران / DIVISION 9 - WALL FINISHES | Repair/supply/apply 20mm wall plaster - INTERNAL | مصدر: عرض مشروع قلب نجد 2026
INT-9.2.2,التشطيبات الداخلية والأعمال المعمارية,ألواح كسوة حجر رملي طبيعي 30مم، تشطيب مصنفر,m²,410.0,"القسم 9 - تشطيبات الجدران / DIVISION 9 - WALL FINISHES | 30mm natural sandstone lining/cladding panel, honed finish (4271 4.1) | مصدر: عرض مشروع قلب نجد 2026"
INT-9.2.3.1,التشطيبات الداخلية والأعمال المعمارية,لوح نحاس 1.5مم لقائمة باب المصعد - قبو 3,m²,1150.0,القسم 9 - تشطيبات الجدران / DIVISION 9 - WALL FINISHES | 1.5mm BMT brass sheet lift door jamb/head polished - B3 (4940 4.31) | مصدر: عرض مشروع قلب نجد 2026
INT-9.2.3.2,التشطيبات الداخلية والأعمال المعمارية,لوح نحاس 1.5مم لقائمة باب المصعد - قبو 2,m²,1150.0,القسم 9 - تشطيبات الجدران / DIVISION 9 - WALL FINISHES | 1.5mm BMT brass sheet lift door jamb/head polished - B2 | مصدر: عرض مشروع قلب نجد 2026
INT-9.2.3.3,التشطيبات الداخلية والأعمال المعمارية,لوح نحاس 1.5مم لقائمة باب المصعد - قبو 1,m²,1150.0,القسم 9 - تشطيبات الجدران / DIVISION 9 - WALL FINISHES | 1.5mm BMT brass sheet lift door jamb/head polished - B1 | مصدر: عرض مشروع قلب نجد 2026
INT-9.2.3.4,التشطيبات الداخلية والأعمال المعمارية,لوح نحاس 1.5مم لقائمة باب المصعد - الدور الأرضي,m²,1150.0,القسم 9 - تشطيبات الجدران / DIVISION 9 - WALL FINISHES | 1.5mm BMT brass sheet lift door jamb/head polished - Ground Floor | مصدر: عرض مشروع قلب نجد 2026
INT-9.2.3.5,التشطيبات الداخلية والأعمال المعمارية,لوح نحاس 1.5مم لقائمة باب المصعد - ميزانين أرضي,m²,1150.0,القسم 9 - تشطيبات الجدران / DIVISION 9 - WALL FINISHES | 1.5mm BMT brass sheet lift door jamb/head polished - GF Mezz | مصدر: عرض مشروع قلب نجد 2026
INT-9.2.4.1,التشطيبات الداخلية والأعمال المعمارية,قاطع ألمنيوم 6مم دهان رش - جدران كابينة المصعد,m²,550.0,القسم 9 - تشطيبات الجدران / DIVISION 9 - WALL FINISHES | Screen cut from 6mm BMT aluminum spray lacquered - Lift car walls | مصدر: عرض مشروع قلب نجد 2026
INT-9.2.5.1,التشطيبات الداخلية والأعمال المعمارية,مرآة زجاج أمان مقوى درجة A - كابينة المصعد,m²,290.0,القسم 9 - تشطيبات الجدران / DIVISION 9 - WALL FINISHES | Grade A toughened vinyl-backed safety glass mirror - Lift car | مصدر: عرض مشروع قلب نجد 2026
INT-9.2.6.1,التشطيبات الداخلية والأعمال المعمارية,ألواح ستانلس أسود تشطيب هيرلاين - كابينة المصعد,m²,650.0,القسم 9 - تشطيبات الجدران / DIVISION 9 - WALL FINISHES | Black stainless steel wall panels hairline finish - Lift car | مصدر: عرض مشروع قلب نجد 2026
INT-9.2.7,التشطيبات الداخلية والأعمال المعمارية,إصلاح وتوريد وتطبيق لياسة جدران 20مم - خارجي (أقبية),m²,30.0,القسم 9 - تشطيبات الجدران / DIVISION 9 - WALL FINISHES | Repair/supply/apply 20mm wall plaster - EXTERNAL (basements) | مصدر: عرض مشروع قلب نجد 2026
INT-9.2.8,التشطيبات الداخلية والأعمال المعمارية,إصلاح وتوريد دهانات ومضاد كربنة - خارجي (أقبية),m²,28.0,القسم 9 - تشطيبات الجدران / DIVISION 9 - WALL FINISHES | Repair/supply/apply paint & anti-carbonation paint - EXTERNAL (basements) | مصدر: عرض مشروع قلب نجد 2026
INT-9.3.1,التشطيبات الداخلية والأعمال المعمارية,لياسة أسمنتية للأسقف (الأقبية والأرضي),m²,28.0,القسم 9 - تشطيبات الأسقف / DIVISION 9 - CEILING FINISHES | Cement plaster ceiling (all basements & GF) | مصدر: عرض مشروع قلب نجد 2026
INT-9.3.2,التشطيبات الداخلية والأعمال المعمارية,سقف شد PVC مع إضاءة LED وإطار ألمنيوم,m²,240.0,القسم 9 - تشطيبات الأسقف / DIVISION 9 - CEILING FINISHES | LUXU PVC stretch ceiling membrane w/ LED lighting & aluminium frame (5331 4.3) | مصدر: عرض مشروع قلب نجد 2026
INT-9.3.3,التشطيبات الداخلية والأعمال المعمارية,ألواح جبس 13مم - نظام قياسي,m²,85.0,القسم 9 - تشطيبات الأسقف / DIVISION 9 - CEILING FINISHES | 13mm plasterboard linings - standard system (5113 4.1) | مصدر: عرض مشروع قلب نجد 2026
INT-9.3.4,التشطيبات الداخلية والأعمال المعمارية,إصلاح وتوريد دهانات ومضاد كربنة - الأسقف,m²,23.0,القسم 9 - تشطيبات الأسقف / DIVISION 9 - CEILING FINISHES | Repair/supply/apply paint & anti-carbonation paint - Ceiling | مصدر: عرض مشروع قلب نجد 2026
INT-9.3.5,التشطيبات الداخلية والأعمال المعمارية,ألواح سقف ستانلس أسود هيرلاين - سقف كابينة المصعد,m²,650.0,القسم 9 - تشطيبات الأسقف / DIVISION 9 - CEILING FINISHES | Black stainless ceiling panels hairline finish - Lift car ceiling | مصدر: عرض مشروع قلب نجد 2026
INT-9.4.1,التشطيبات الداخلية والأعمال المعمارية,وزرة نحاسية من لوح 1.0مم بظهر خشب 18مم,Lm,180.0,"القسم 9 - الوزرات / DIVISION 9 - SKIRTING | Brass skirting formed out of 1.0mm BMT sheet, 18mm plywood backing (4910 4.8) | مصدر: عرض مشروع قلب نجد 2026"
INT-9.4.2,التشطيبات الداخلية والأعمال المعمارية,وزرة خرسانة ظاهرة 100×20مم مطابقة للأرضية,Lm,52.0,القسم 9 - الوزرات / DIVISION 9 - SKIRTING | 100mm ht x 20mm thick fair face concrete skirting to match floor | مصدر: عرض مشروع قلب نجد 2026
INT-12.2.1,التشطيبات الداخلية والأعمال المعمارية,لوحة دليل قبو 500×1000مم؛ SG01,No,1900.0,القسم 12 - التأثيث (لوحات، أدوات صحية، شاشة LED) / DIVISION  | Basement directory signage 500x1000mm; SG01 | مصدر: عرض مشروع قلب نجد 2026
INT-12.2.2,التشطيبات الداخلية والأعمال المعمارية,لوحة دليل لوبي أرضي 500×1000مم؛ SG02,No,1900.0,القسم 12 - التأثيث (لوحات، أدوات صحية، شاشة LED) / DIVISION  | GF lobby directory 500x1000mm; SG02 | مصدر: عرض مشروع قلب نجد 2026
INT-12.2.3,التشطيبات الداخلية والأعمال المعمارية,لوحة مواقف؛ SG06,No,650.0,القسم 12 - التأثيث (لوحات، أدوات صحية، شاشة LED) / DIVISION  | Parking signage; SG06 | مصدر: عرض مشروع قلب نجد 2026
INT-12.2.4,التشطيبات الداخلية والأعمال المعمارية,لوحة معلومات؛ SG07,No,1200.0,القسم 12 - التأثيث (لوحات، أدوات صحية، شاشة LED) / DIVISION  | Information signage; SG07 | مصدر: عرض مشروع قلب نجد 2026
INT-12.2.5,التشطيبات الداخلية والأعمال المعمارية,لوحة صالة؛ SG08,No,1200.0,القسم 12 - التأثيث (لوحات، أدوات صحية، شاشة LED) / DIVISION  | Lounge signage; SG08 | مصدر: عرض مشروع قلب نجد 2026
INT-12.2.6,التشطيبات الداخلية والأعمال المعمارية,لوحة فندق؛ SG09,No,1200.0,القسم 12 - التأثيث (لوحات، أدوات صحية، شاشة LED) / DIVISION  | Hotel signage; SG09 | مصدر: عرض مشروع قلب نجد 2026
INT-12.2.7,التشطيبات الداخلية والأعمال المعمارية,لوحة مصعد؛ SG10,No,620.0,القسم 12 - التأثيث (لوحات، أدوات صحية، شاشة LED) / DIVISION  | Lift signage; SG10 | مصدر: عرض مشروع قلب نجد 2026
INT-12.2.8,التشطيبات الداخلية والأعمال المعمارية,لوحة كبائن المصاعد؛ SG11,No,620.0,القسم 12 - التأثيث (لوحات، أدوات صحية، شاشة LED) / DIVISION  | Lift cars signage; SG11 | مصدر: عرض مشروع قلب نجد 2026
INT-12.2.9,التشطيبات الداخلية والأعمال المعمارية,لوحة مصاعد كبار الزوار؛ SG12,No,620.0,القسم 12 - التأثيث (لوحات، أدوات صحية، شاشة LED) / DIVISION  | VIP lifts signage; SG12 | مصدر: عرض مشروع قلب نجد 2026
INT-12.2.10,التشطيبات الداخلية والأعمال المعمارية,لوحة مصلى رجال؛ SG18,No,620.0,القسم 12 - التأثيث (لوحات، أدوات صحية، شاشة LED) / DIVISION  | Male prayer room signage; SG18 | مصدر: عرض مشروع قلب نجد 2026
INT-12.2.11,التشطيبات الداخلية والأعمال المعمارية,لوحة مصلى نساء؛ SG19,No,620.0,القسم 12 - التأثيث (لوحات، أدوات صحية، شاشة LED) / DIVISION  | Female prayer room signage; SG19 | مصدر: عرض مشروع قلب نجد 2026
INT-12.2.12,التشطيبات الداخلية والأعمال المعمارية,لوحة دورة مياه رجال؛ SG20,No,620.0,القسم 12 - التأثيث (لوحات، أدوات صحية، شاشة LED) / DIVISION  | Male toilet signage; SG20 | مصدر: عرض مشروع قلب نجد 2026
INT-12.2.13,التشطيبات الداخلية والأعمال المعمارية,لوحة دورة مياه نساء؛ SG21,No,620.0,القسم 12 - التأثيث (لوحات، أدوات صحية، شاشة LED) / DIVISION  | Female toilet signage; SG21 | مصدر: عرض مشروع قلب نجد 2026
INT-12.2.14,التشطيبات الداخلية والأعمال المعمارية,لوحة دورة مياه ذوي احتياجات؛ SG22,No,620.0,القسم 12 - التأثيث (لوحات، أدوات صحية، شاشة LED) / DIVISION  | Accessible toilet signage; SG22 | مصدر: عرض مشروع قلب نجد 2026
INT-12.2.15,التشطيبات الداخلية والأعمال المعمارية,نقش خط عربي على ألواح حجر رملي,No,8500.0,القسم 12 - التأثيث (لوحات، أدوات صحية، شاشة LED) / DIVISION  | Arabic calligraphy engraving on sandstone panels (ID6-011) | مصدر: عرض مشروع قلب نجد 2026
INT-12.3.1,التشطيبات الداخلية والأعمال المعمارية,مغسلة تحت الكاونتر؛ SW-01,No,1800.0,القسم 12 - التأثيث (لوحات، أدوات صحية، شاشة LED) / DIVISION  | Undercounter washbasin; SW-01 | مصدر: عرض مشروع قلب نجد 2026
INT-12.3.2,التشطيبات الداخلية والأعمال المعمارية,وحدة صابون/هواء/ورق؛ SW-02,No,450.0,القسم 12 - التأثيث (لوحات، أدوات صحية، شاشة LED) / DIVISION  | Soap/air/paper module; SW-02 | مصدر: عرض مشروع قلب نجد 2026
INT-12.3.3,التشطيبات الداخلية والأعمال المعمارية,خلاط؛ SW-03,No,850.0,القسم 12 - التأثيث (لوحات، أدوات صحية، شاشة LED) / DIVISION  | Faucet; SW-03 | مصدر: عرض مشروع قلب نجد 2026
INT-12.3.4,التشطيبات الداخلية والأعمال المعمارية,مرحاض معلق بغطاء وخزان مخفي؛ SW-04,No,2600.0,القسم 12 - التأثيث (لوحات، أدوات صحية، شاشة LED) / DIVISION  | Wall hung water closet w/ cover & concealed flush tank; SW-04 | مصدر: عرض مشروع قلب نجد 2026
INT-12.3.5,التشطيبات الداخلية والأعمال المعمارية,حامل ورق مرحاض؛ SW-07,No,180.0,القسم 12 - التأثيث (لوحات، أدوات صحية، شاشة LED) / DIVISION  | Toilet roll holder; SW-07 | مصدر: عرض مشروع قلب نجد 2026
INT-12.3.6,التشطيبات الداخلية والأعمال المعمارية,علاقة مناشف؛ SW-08,No,120.0,القسم 12 - التأثيث (لوحات، أدوات صحية، شاشة LED) / DIVISION  | Towel hook; SW-08 | مصدر: عرض مشروع قلب نجد 2026
INT-12.3.7,التشطيبات الداخلية والأعمال المعمارية,صفاية أرضية؛ SW-09,No,160.0,القسم 12 - التأثيث (لوحات، أدوات صحية، شاشة LED) / DIVISION  | Floor drain; SW-09 | مصدر: عرض مشروع قلب نجد 2026
INT-12.3.8,التشطيبات الداخلية والأعمال المعمارية,مغسلة ذوي احتياجات؛ SW-10,No,1050.0,القسم 12 - التأثيث (لوحات، أدوات صحية، شاشة LED) / DIVISION  | Accessible basin; SW-10 | مصدر: عرض مشروع قلب نجد 2026
INT-12.3.9,التشطيبات الداخلية والأعمال المعمارية,مسكة أفقية؛ SW-11,No,190.0,القسم 12 - التأثيث (لوحات، أدوات صحية، شاشة LED) / DIVISION  | Horizontal grab bar; SW-11 | مصدر: عرض مشروع قلب نجد 2026
INT-12.3.10,التشطيبات الداخلية والأعمال المعمارية,مسكة رأسية؛ SW-11,No,380.0,القسم 12 - التأثيث (لوحات، أدوات صحية، شاشة LED) / DIVISION  | Vertical grab bar; SW-11 | مصدر: عرض مشروع قلب نجد 2026
INT-12.3.11,التشطيبات الداخلية والأعمال المعمارية,مسكة قابلة للطي,No,820.0,القسم 12 - التأثيث (لوحات، أدوات صحية، شاشة LED) / DIVISION  | Folding grab bar | مصدر: عرض مشروع قلب نجد 2026
INT-12.3.12,التشطيبات الداخلية والأعمال المعمارية,مرحاض مقفل مزدوج؛ SW-12,No,1600.0,القسم 12 - التأثيث (لوحات، أدوات صحية، شاشة LED) / DIVISION  | Closed coupled toilet; SW-12 | مصدر: عرض مشروع قلب نجد 2026
INT-12.3.13,التشطيبات الداخلية والأعمال المعمارية,بيديه؛ SW-13,No,445.0,القسم 12 - التأثيث (لوحات، أدوات صحية، شاشة LED) / DIVISION  | Bidette; SW-13 | مصدر: عرض مشروع قلب نجد 2026
INT-12.3.14,التشطيبات الداخلية والأعمال المعمارية,كراسي وضوء,No,210.0,القسم 12 - التأثيث (لوحات، أدوات صحية، شاشة LED) / DIVISION  | Ablution seats | مصدر: عرض مشروع قلب نجد 2026
INT-12.3.15,التشطيبات الداخلية والأعمال المعمارية,مرآة 520×900مم,No,520.0,القسم 12 - التأثيث (لوحات، أدوات صحية، شاشة LED) / DIVISION  | 520x900mm vanity mirror | مصدر: عرض مشروع قلب نجد 2026
INT-12.3.16,التشطيبات الداخلية والأعمال المعمارية,مرآة زجاج أمان 850×2000مم,No,650.0,القسم 12 - التأثيث (لوحات، أدوات صحية، شاشة LED) / DIVISION  | 850x2000mm safety glass mirror | مصدر: عرض مشروع قلب نجد 2026
INT-12.3.17,التشطيبات الداخلية والأعمال المعمارية,حاوية نفايات جدارية مخفية,No,385.0,القسم 12 - التأثيث (لوحات، أدوات صحية، شاشة LED) / DIVISION  | Concealed wall mounted garbage bin | مصدر: عرض مشروع قلب نجد 2026
INT-12.4.1,التشطيبات الداخلية والأعمال المعمارية,شاشة LED كبيرة 4K، P1.8، 5780×10750مم، متحكم Vx16s+i7,No,385000.0,"القسم 12 - التأثيث (لوحات، أدوات صحية، شاشة LED) / DIVISION  | Large-format LED display 4K, P1.8, 5780H x 10750W mm, controller Vx16s+i7, media | مصدر: عرض مشروع قلب نجد 2026"
INT-13.01,التشطيبات الداخلية والأعمال المعمارية,كاونتر صالة F-01,No,28000.0,الأثاث الثابت / FIXED FURNITURE | Lounge counter F-01 | مصدر: عرض مشروع قلب نجد 2026
INT-13.02,التشطيبات الداخلية والأعمال المعمارية,مكتب خدمة/كاشير + مطبخ صغير F-03,No,28000.0,الأثاث الثابت / FIXED FURNITURE | Serving/cashier desk + kitchenette F-03 | مصدر: عرض مشروع قلب نجد 2026
INT-13.03,التشطيبات الداخلية والأعمال المعمارية,كاونتر استقبال F-04,No,52000.0,الأثاث الثابت / FIXED FURNITURE | Reception counter F-04 | مصدر: عرض مشروع قلب نجد 2026
INT-13.04,التشطيبات الداخلية والأعمال المعمارية,كاونتر مغاسل F-05,No,20000.0,الأثاث الثابت / FIXED FURNITURE | Vanity counter F-05 | مصدر: عرض مشروع قلب نجد 2026
INT-14.01,التشطيبات الداخلية والأعمال المعمارية,هدم جدران قائمة - قبو 3/2/1 (شامل الحماية والترحيل),m²,27.0,"أعمال الهدم / DEMOLITIONS | Demolition existing walls - Basement 3/2/1 (incl protection, disposal off-site) | مصدر: عرض مشروع قلب نجد 2026"
INT-14.02,التشطيبات الداخلية والأعمال المعمارية,هدم جدران قائمة - أرضي/ميزانين/أول,m²,27.0,أعمال الهدم / DEMOLITIONS | Demolition existing walls - GF / GF Mezz / First Floor | مصدر: عرض مشروع قلب نجد 2026
INT-14.03,التشطيبات الداخلية والأعمال المعمارية,هدم جدران قائمة - الدور 4 حتى 20 (17 دور فندقي),m²,27.0,أعمال الهدم / DEMOLITIONS | Demolition existing walls - 4th to 20th floor (17 hotel floors) | مصدر: عرض مشروع قلب نجد 2026
INT-14.04,التشطيبات الداخلية والأعمال المعمارية,هدم جدران قائمة - الدور 21 حتى 56 (مكاتب),m²,30.0,أعمال الهدم / DEMOLITIONS | Demolition existing walls - 21st to 56th office floor | مصدر: عرض مشروع قلب نجد 2026
INT-15.01,التشطيبات الداخلية والأعمال المعمارية,بلوك خرساني مفرغ 200مم (ارتفاع 5م) - قبو 3/2/1,m²,80.0,"أعمال البناء / MASONRY | Hollow concrete blockwork 200mm (h=5m), incl filling/joint filler/wall ties - Ba | مصدر: عرض مشروع قلب نجد 2026"
INT-15.02,التشطيبات الداخلية والأعمال المعمارية,بلوك خرساني مفرغ 200مم - أرضي/ميزانين/أول,m²,80.0,أعمال البناء / MASONRY | Hollow concrete blockwork 200mm - GF / GF Mezz / First Floor | مصدر: عرض مشروع قلب نجد 2026
INT-15.03,التشطيبات الداخلية والأعمال المعمارية,بلوك خرساني مفرغ 200مم - ميزانين أول حتى 58,m²,80.0,أعمال البناء / MASONRY | Hollow concrete blockwork 200mm - First Mezzanine to 58th floor | مصدر: عرض مشروع قلب نجد 2026
INT-15.04,التشطيبات الداخلية والأعمال المعمارية,بلوك خرساني مفرغ 200مم - جدران المصاعد,m²,110.0,أعمال البناء / MASONRY | Hollow concrete blockwork 200mm - Elevator walls | مصدر: عرض مشروع قلب نجد 2026
INT-15.05,التشطيبات الداخلية والأعمال المعمارية,بلوك خرساني مفرغ 200مم - الدور 21 حتى 56 (مكاتب),m²,100.0,أعمال البناء / MASONRY | Hollow concrete blockwork 200mm - 21st to 56th office floor | مصدر: عرض مشروع قلب نجد 2026
LIT-LT.1,أعمال الإنارة,إضاءة أرضية UP1 - SIMES، LED 2W، IP67,nos,527.0,"الإنارة - أ. توريد الوحدات / LIGHTING - A. SUPPLY OF FIXTURE | Underground Light UP1 - SIMES S.5681W.14, LED 2W 330lm 3000K, IP67 | مصدر: عرض مشروع قلب نجد 2026"
LIT-LT.2,أعمال الإنارة,إضاءة أرضية UP2 - SIMES، LED 2W، IP67,nos,493.0,"الإنارة - أ. توريد الوحدات / LIGHTING - A. SUPPLY OF FIXTURE | Underground Light UP2 - SIMES S.5683W.14, LED 2W 330lm 3000K, IP67 | مصدر: عرض مشروع قلب نجد 2026"
LIT-LT.3,أعمال الإنارة,كشاف SP1 - LED 20W، IP65,nos,672.0,"الإنارة - أ. توريد الوحدات / LIGHTING - A. SUPPLY OF FIXTURE | Spot Light SP1 - UL-5933, AC LED 20W 1160lm 38° 3000K, IP65 | مصدر: عرض مشروع قلب نجد 2026"
LIT-LT.4,أعمال الإنارة,إضاءة جدارية WL1 - LED 7.2W، IP65,nos,413.0,"الإنارة - أ. توريد الوحدات / LIGHTING - A. SUPPLY OF FIXTURE | Wall Light WL1 - UL-6071 Luna ramp recessed, LED 7.2W 180lm 3000K, IP65 | مصدر: عرض مشروع قلب نجد 2026"
LIT-LT.5,أعمال الإنارة,إضاءة جدارية WL2 - LED 14W، IP66,nos,442.0,"الإنارة - أ. توريد الوحدات / LIGHTING - A. SUPPLY OF FIXTURE | Wall Light WL2 - UL-5061 Mini Mira up/down, LED 14W 960lm 18° 3000K, IP66 | مصدر: عرض مشروع قلب نجد 2026"
LIT-LT.6,أعمال الإنارة,إضاءة جدارية WL3 - LED 8W، IP66,nos,383.0,"الإنارة - أ. توريد الوحدات / LIGHTING - A. SUPPLY OF FIXTURE | Wall Light WL3 - UL-5060 Mini Mira down, LED 8W 810lm 104° 3000K, IP66 | مصدر: عرض مشروع قلب نجد 2026"
LIT-LT.7,أعمال الإنارة,عمود إنارة PL1 - LED 38W، IP66، عمود ألمنيوم 4500مم,nos,1743.0,"الإنارة - أ. توريد الوحدات / LIGHTING - A. SUPPLY OF FIXTURE | Pole Light PL1 - UL-7780 Korner1, LED 38W 4210lm T3 3000K, IP66, alu pole 4500mm | مصدر: عرض مشروع قلب نجد 2026"
LIT-LT.8,أعمال الإنارة,إضاءة خطية منحنية RL1 - LED 8.1W، IP67,nos,722.5,"الإنارة - أ. توريد الوحدات / LIGHTING - A. SUPPLY OF FIXTURE | Radius Linear Light RL1 - SIMES S.5402W, LED 8.1W 1260lm 3000K, IP67 | مصدر: عرض مشروع قلب نجد 2026"
LIT-LT.9,أعمال الإنارة,إضاءة خطية LL2 - LED 18W، IP66,nos,467.5,"الإنارة - أ. توريد الوحدات / LIGHTING - A. SUPPLY OF FIXTURE | Linear Light LL2 - LS-MST-XY6025, LED 18W 1620lm 25° 24VDC 3000K, IP66 | مصدر: عرض مشروع قلب نجد 2026"
LIT-LT.10,أعمال الإنارة,شريط LED1 - 4W/م، IP67 + محولات Meanwell,nos,289.0,"الإنارة - أ. توريد الوحدات / LIGHTING - A. SUPPLY OF FIXTURE | LED Strip Light LED1 - LS-MAWLM-3528, 4W/m 3000K 24V, IP67 + Meanwell drivers | مصدر: عرض مشروع قلب نجد 2026"
LIT-LT.11,أعمال الإنارة,شريط LED2 - 9W/م، IP65 + محولات Meanwell,nos,306.0,"الإنارة - أ. توريد الوحدات / LIGHTING - A. SUPPLY OF FIXTURE | LED Strip Light LED2 - LS-MPLW-T120, 9W/m 3000K 24VDC, IP65 + Meanwell drivers | مصدر: عرض مشروع قلب نجد 2026"
LIT-LT.12,أعمال الإنارة,شريط LED3 - 9W/م، IP68 + هيكل ستانلس,nos,357.0,"الإنارة - أ. توريد الوحدات / LIGHTING - A. SUPPLY OF FIXTURE | LED Strip Light LED3 - LS-LLS14, 9W/m 3000K 24VDC, IP68 + SS housing | مصدر: عرض مشروع قلب نجد 2026"
LIT-LT.13,أعمال الإنارة,عمود إنارة BL4 - LED 16.3W، IP66,nos,1190.0,"الإنارة - أ. توريد الوحدات / LIGHTING - A. SUPPLY OF FIXTURE | Bollard Light BL4 - LEDS-55-E088, LED 16.3W 729lm 105° 3000K CRI90, IP66 | مصدر: عرض مشروع قلب نجد 2026"
LIT-LB.1,أعمال الإنارة,إضاءة سبوت LED للمناطق المنخفضة - 10W 600lm,No,212.5,الإنارة - ب. التركيب (الداخلي) / LIGHTING - B. INSTALLATION  | LED down light single height areas - Luxo 3 Basic CoB black 10W 600lm 3000K (770 | مصدر: عرض مشروع قلب نجد 2026
LIT-LB.2,أعمال الإنارة,شريط LED سطحي التركيب,Lm,102.0,الإنارة - ب. التركيب (الداخلي) / LIGHTING - B. INSTALLATION  | Surface mounted LED strip light (7705 4.15-4.14) | مصدر: عرض مشروع قلب نجد 2026
LIT-LB.3,أعمال الإنارة,ثريا مخصصة نوع 1 - لوبي أرضي جنوب,Item,35000.0,الإنارة - ب. التركيب (الداخلي) / LIGHTING - B. INSTALLATION  | Custom Chandelier type 1 incl downlights - GF Lobby South (7702 4.9) | مصدر: عرض مشروع قلب نجد 2026
LIT-LB.4,أعمال الإنارة,ثريا مخصصة نوع 2 - ميزانين أرضي,Item,35000.0,الإنارة - ب. التركيب (الداخلي) / LIGHTING - B. INSTALLATION  | Custom Chandelier type 2 incl downlights - GF Mezzanine (7702 4.10) | مصدر: عرض مشروع قلب نجد 2026
LIT-LB.5,أعمال الإنارة,ثريا مخصصة نوع 3 - لوبي مصعد كبار الزوار,Item,35000.0,الإنارة - ب. التركيب (الداخلي) / LIGHTING - B. INSTALLATION  | Custom Chandelier type 3 incl downlights - GF VIP lift Lobby (7702 4.11) | مصدر: عرض مشروع قلب نجد 2026
LIT-LB.6,أعمال الإنارة,لوحة لمس (الدور الأرضي),No,722.5,الإنارة - ب. التركيب (الداخلي) / LIGHTING - B. INSTALLATION  | Touch pad (Ground floor) | مصدر: عرض مشروع قلب نجد 2026
LIT-LB.7,أعمال الإنارة,نقطة حساس حركة,No,251.0,الإنارة - ب. التركيب (الداخلي) / LIGHTING - B. INSTALLATION  | Motion sensor point | مصدر: عرض مشروع قلب نجد 2026
LIT-LB.8,أعمال الإنارة,لوحة تحكم إنارة LCP,No,1530.0,الإنارة - ب. التركيب (الداخلي) / LIGHTING - B. INSTALLATION  | LCP (Lighting control panel) | مصدر: عرض مشروع قلب نجد 2026
LIT-LB.9,أعمال الإنارة,إضاءة لوحة دائرية,LS,9775.0,الإنارة - ب. التركيب (الداخلي) / LIGHTING - B. INSTALLATION  | Circular Panel Lighting | مصدر: عرض مشروع قلب نجد 2026
LIT-LB.10,أعمال الإنارة,إضاءة خلفية لأسقف الشد,m²,272.0,الإنارة - ب. التركيب (الداخلي) / LIGHTING - B. INSTALLATION  | Back lighting to stretch membrane ceilings (7702 4.6) | مصدر: عرض مشروع قلب نجد 2026
RAC-001,أنظمة السلامة والحريق (RAC),رشاشات مخفية TYCO / Concealed sprinkler heads,عدد,40.0,الحماية من الحريق والإنذار / FIRE PROTECTION & ALARM | رشاش مخفي معتمد UL/FM وربط بالشبكة القائمة | مصدر: جدول كميات RAC 2026
RAC-002,أنظمة السلامة والحريق (RAC),تعديل شبكة إطفاء / FF pipework modification,م.ط,90.0,الحماية من الحريق والإنذار / FIRE PROTECTION & ALARM | تعديل مواسير حديد أسود مع اختبار ضغط | مصدر: جدول كميات RAC 2026
RAC-003,أنظمة السلامة والحريق (RAC),كواشف دخان / Smoke detectors,عدد,170.0,الحماية من الحريق والإنذار / FIRE PROTECTION & ALARM | كاشف ضوئي معنون addressable معتمد | مصدر: جدول كميات RAC 2026
RAC-004,أنظمة السلامة والحريق (RAC),كواشف حرارة (مطبخ) / Heat detectors,عدد,250.0,الحماية من الحريق والإنذار / FIRE PROTECTION & ALARM | كاشف حراري للمناطق الحارة/المطبخ | مصدر: جدول كميات RAC 2026
RAC-005,أنظمة السلامة والحريق (RAC),نقاط إنذار يدوية / Manual call points,عدد,300.0,الحماية من الحريق والإنذار / FIRE PROTECTION & ALARM | نقطة إنذار يدوية معنونة | مصدر: جدول كميات RAC 2026
RAC-006,أنظمة السلامة والحريق (RAC),أجراس وفلاشرات / Sounders & flashers,عدد,200.0,الحماية من الحريق والإنذار / FIRE PROTECTION & ALARM | جرس/فلاشر إنذار معتمد | مصدر: جدول كميات RAC 2026
RAC-007,أنظمة السلامة والحريق (RAC),طفايات حريق 6كجم / Fire extinguishers 6kg,عدد,180.0,الحماية من الحريق والإنذار / FIRE PROTECTION & ALARM | طفاية بودرة/CO2 مع لوحة إرشادية | مصدر: جدول كميات RAC 2026
RAC-008,أنظمة السلامة والحريق (RAC),ربط وتشغيل مع نظام RAC / FA integration & commissioning,LS,5000.0,الحماية من الحريق والإنذار / FIRE PROTECTION & ALARM | ربط اللوحة مع نظام الإنذار الرئيسي لـ RAC واختبار | مصدر: جدول كميات RAC 2026
RAC-009,أنظمة السلامة والحريق (RAC),مخارج شبكة CAT6A / Structured cabling CAT6A outlets,عدد,180.0,التيار الخفيف / LOW-CURRENT (ELV) | منفذ CAT6A مع كابل واختبار Fluke | مصدر: جدول كميات RAC 2026
RAC-010,أنظمة السلامة والحريق (RAC),خزانة بيانات ولوحة توصيل / Data cabinet & patch panel,عدد,6500.0,التيار الخفيف / LOW-CURRENT (ELV) | خزانة 12-18U مع باتش ومنظم كابلات | مصدر: جدول كميات RAC 2026
RAC-011,أنظمة السلامة والحريق (RAC),تحكم دخول (قارئ+قفل+مزود) / Access control per door,عدد,2400.0,التيار الخفيف / LOW-CURRENT (ELV) | قارئ بطاقة ZKT + قفل مغناطيسي + مزود طاقة | مصدر: جدول كميات RAC 2026
RAC-012,أنظمة السلامة والحريق (RAC),كاميرات مراقبة 8MP / CCTV cameras,عدد,850.0,التيار الخفيف / LOW-CURRENT (ELV) | كاميرا IP 8MP وربط بنظام RAC القائم | مصدر: جدول كميات RAC 2026
RAC-013,أنظمة السلامة والحريق (RAC),نظام نداء/اتصال داخلي / PA / intercom (if required),LS,4500.0,التيار الخفيف / LOW-CURRENT (ELV) | سماعات ونقاط نداء داخلي عند اللزوم | مصدر: جدول كميات RAC 2026
RAC-014,أنظمة السلامة والحريق (RAC),خزائن مطبخ سفلية/علوية مع كاونتر / Kitchen base & wall units + counter,م.ط,1800.0,النجارة والأعمال الخشبية / JOINERY & MILLWORK | خزائن HPL مقاومة للرطوبة + سطح كوارتز/كورين | مصدر: جدول كميات RAC 2026
RAC-015,أنظمة السلامة والحريق (RAC),كاونتر استقبال/سكرتارية / Reception/secretary counter,عدد,4500.0,النجارة والأعمال الخشبية / JOINERY & MILLWORK | كاونتر مصنّع HPL/كورين حسب التصميم | مصدر: جدول كميات RAC 2026
RAC-016,أنظمة السلامة والحريق (RAC),أرفف تخزين / Storage shelving,LS,3500.0,النجارة والأعمال الخشبية / JOINERY & MILLWORK | أرفف معدنية/خشبية لغرفة التخزين | مصدر: جدول كميات RAC 2026
EMB-2-1,أعمال الموقع العام والحفر والردم,الحفر في جميع أنواع التربة مع عمل ما يلزم..,م3,80.0,"As the previous item, in all types of soil, doing what is necessary. | مصدر: عرض مجمع الدفاع بسفارة مصر — الحي الدبلوماسي 2024"
EMB-2-2,أعمال الموقع العام والحفر والردم,التوريد والردم بالردميات المناسبة من تربة متدرجة ويشمل ذلك الردم على طبقات لا تتجاوز 25 سم والرش بالماء والرص والدك لكل طبقة على أن لا تقل نسبة الإنضغ,م3,85.0,As the previous item: supplying and backfilling with appropriate fills | مصدر: عرض مجمع الدفاع بسفارة مصر — الحي الدبلوماسي 2024
EMB-2-3,أعمال الموقع العام والحفر والردم,النخيل,بالعدد,2000.0,Palms | مصدر: عرض مجمع الدفاع بسفارة مصر — الحي الدبلوماسي 2024
EMB-2-4,أعمال الموقع العام والحفر والردم,شجرة النيم,بالعدد,350.0,NEEM TREE | مصدر: عرض مجمع الدفاع بسفارة مصر — الحي الدبلوماسي 2024
EMB-2-5,أعمال الموقع العام والحفر والردم,السمر النجدي,بالعدد,650.0,NAJDI BROWN TREE | مصدر: عرض مجمع الدفاع بسفارة مصر — الحي الدبلوماسي 2024
EMB-2-6,أعمال الموقع العام والحفر والردم,السدر,بالعدد,650.0,AL-SIDR TREE | مصدر: عرض مجمع الدفاع بسفارة مصر — الحي الدبلوماسي 2024
EMB-2-7,أعمال الموقع العام والحفر والردم,الغاف البحري,بالعدد,650.0,MARINE GHAF TREE | مصدر: عرض مجمع الدفاع بسفارة مصر — الحي الدبلوماسي 2024
EMB-2-8,أعمال الموقع العام والحفر والردم,الباركنسونيا,بالعدد,340.0,PALO VERDE TREE | مصدر: عرض مجمع الدفاع بسفارة مصر — الحي الدبلوماسي 2024
EMB-2-9,أعمال الموقع العام والحفر والردم,النصي,بالعدد,50.0,STIPAGROSTIS | مصدر: عرض مجمع الدفاع بسفارة مصر — الحي الدبلوماسي 2024
EMB-2-10,أعمال الموقع العام والحفر والردم,عرفج,بالعدد,35.0,RHANTERIUM EPAPPOSUM | مصدر: عرض مجمع الدفاع بسفارة مصر — الحي الدبلوماسي 2024
EMB-2-11,أعمال الموقع العام والحفر والردم,مرامية فضية,بالعدد,35.0,SAGE SHRUB | مصدر: عرض مجمع الدفاع بسفارة مصر — الحي الدبلوماسي 2024
EMB-2-12,أعمال الموقع العام والحفر والردم,حلفاء,بالعدد,30.0,HALFA GRASS | مصدر: عرض مجمع الدفاع بسفارة مصر — الحي الدبلوماسي 2024
EMB-2-13,أعمال الموقع العام والحفر والردم,جنيبة,بالعدد,90.0,SHRUBS 05 | مصدر: عرض مجمع الدفاع بسفارة مصر — الحي الدبلوماسي 2024
EMB-2-14,أعمال الموقع العام والحفر والردم,دحداح أسيوي,بالعدد,90.0,CRINUM ASIATICUM | مصدر: عرض مجمع الدفاع بسفارة مصر — الحي الدبلوماسي 2024
EMB-2-15,أعمال الموقع العام والحفر والردم,غطاء نباتي (French Fescue),م2,115.0,GREEN COVER | مصدر: عرض مجمع الدفاع بسفارة مصر — الحي الدبلوماسي 2024
EMB-2-16,أعمال الموقع العام والحفر والردم,انترلوك سمك 80 ملم لمواقف السيارات محمل علي السعر طبقة من الخرسانة سمك 10 سم مسلحة تسليح خفيف شبكة من الحديد قطر 10 مم والبند يشمل طبقات الدفان اسفل ا,م2,190.0,"Interlock with a thickness of 80 mm for parking areas, priced includin | مصدر: عرض مجمع الدفاع بسفارة مصر — الحي الدبلوماسي 2024"
EMB-2-17,أعمال الموقع العام والحفر والردم,انترلوك 60 ملم للارصفة محمل علي السعر طبقة من الخرسانة سمك 10 سم مسلحة تسليح خفيف شبكة من الحديد قطر 10 مم والبند يشمل طبقات الدفان اسفل الانترلوك حسب,م2,170.0,"Interlock with a thickness of 60 mm for sidewalk, priced including a 1 | مصدر: عرض مجمع الدفاع بسفارة مصر — الحي الدبلوماسي 2024"
EMB-2-18,أعمال الموقع العام والحفر والردم,الواح WPC مقاومة للانزلاق ومضادة للمياه مصنوعة من مواد تتحمل الاستخدام الشاق والعوامل الجوية شامل الارضية التي يتم التركيب عليها لزوم حمام السباحة طبق,م2,450.0,"WPC boards are slip-resistant and water-resistant, made of materials t | مصدر: عرض مجمع الدفاع بسفارة مصر — الحي الدبلوماسي 2024"
EMB-2-19,أعمال الموقع العام والحفر والردم,بلاط تيرازو خشن غير مصقول (مدعم بكسر الرخام) لزوم الموقع العام,م2,110.0,Terazzo concrete tiles for (reinforced with broken marble) for general | مصدر: عرض مجمع الدفاع بسفارة مصر — الحي الدبلوماسي 2024
EMB-2-20,أعمال الموقع العام والحفر والردم,توريد وتركيب مصد من المطاط شديد التحمل لوقف السيارات يستخدم قطعتين منفصلتين لكل سيارة بابعاد 21.7 * 3.5 * 5.9 بوصة,بالعدد,95.0,"Supply and install heavy-duty rubber wheel stoppers for vehicles, usin | مصدر: عرض مجمع الدفاع بسفارة مصر — الحي الدبلوماسي 2024"
EMB-2-22,أعمال الموقع العام والحفر والردم,بردورات حدائق مقاس 100*300*500 مم,م.ط,95.0,concrete curbstone 100*300*500 mm | مصدر: عرض مجمع الدفاع بسفارة مصر — الحي الدبلوماسي 2024
EMB-3-1,الأعمال الإنشائية,كالبند السابق الحفر لقاعدة الخزان في جميع أنواع التربة مع عمل ما يلزم، وحتى أسفل خرسانة النظافة.,م3,80.0,"As the previous item, excavate the base of the tank in all types of so | مصدر: عرض مجمع الدفاع بسفارة مصر — الحي الدبلوماسي 2024"
EMB-3-2,الأعمال الإنشائية,كالبند السابق : التوريد والردم بالردميات المناسبة من تربة متدرجة ويشمل ذلك الردم على طبقات لا تتجاوز 25 سم والرش بالماء والرص والدك لكل طبقة على أن لا,م3,85.0,As the previous item: supplying and backfilling with appropriate fills | مصدر: عرض مجمع الدفاع بسفارة مصر — الحي الدبلوماسي 2024
EMB-3-3,الأعمال الإنشائية,طبقة بحص بسمك 10 سم أسفل الخرسانة العادية لعمل حاجز الخاصية الشعرية للمياه حسب المواصفات الفنية للمشروع وتوجيهات المهندس المشرف .,م2,40.0,A layer of gravel with a thickness of 10 cm under the floor slab to cr | مصدر: عرض مجمع الدفاع بسفارة مصر — الحي الدبلوماسي 2024
EMB-3-4,الأعمال الإنشائية,توريد وتنفيذ خرسانة عادية تحت قاعده خزان المياه على ان تعطى اجهاد التكسير للأسطوانه القياسية بعد 28 يوم 200كجم/سم2 والأسمنت مقاوم للكبريتات والبند يشم,م3,600.0,Supply and implementation of normal concrete under the base of the wat | مصدر: عرض مجمع الدفاع بسفارة مصر — الحي الدبلوماسي 2024
EMB-3-5,الأعمال الإنشائية,أعمال الخرسانة المسلحة: توريد وتنفيذ خرسانة مسلحة للأساسات لزوم قاعده الخزان (لبشه)على ان لا يقل اجهاد التكسير للأسطوانه بعد 28 يوم عن350 كجم/سم2 والأ,م3,1400.0,Reinforced concrete works: Supply and implementation of reinforced con | مصدر: عرض مجمع الدفاع بسفارة مصر — الحي الدبلوماسي 2024
EMB-3-6,الأعمال الإنشائية,بالمتر المربع خرسانة ميول سمك متوسط 90مم لميول سقف الخزانات طبقا للمواصفات الفنية وتوجيهات المهندس المشرف .,م2,60.0,"Per square meter, concrete slopes of average thickness of 90 mm for th | مصدر: عرض مجمع الدفاع بسفارة مصر — الحي الدبلوماسي 2024"
EMB-3-7,الأعمال الإنشائية,بالمتر المربع خرسانة ميول سمك متوسط 70مم لميول أرضيات الخزانات نحو التهبيطات الموجوده أسفل الارضيات كما موصف في القطاع الانشائي للخزان طبقا للمخططات و,م2,60.0,"Per square meter, concrete slopes of average thickness of 70 mm to slo | مصدر: عرض مجمع الدفاع بسفارة مصر — الحي الدبلوماسي 2024"
EMB-3-8,الأعمال الإنشائية,توريد وتنفيذ خرسانة مسلحة لزوم الحوائط على ان لا يقل اجهاد التكسير للأسطوانه بعد 28 يوم عن 350 كجم/سم2 مع أستعمال أسمنت مقاوم للكبريتات بالأضافه الى م,م3,1600.0,"Supply and implementation of reinforced concrete for the walls, provid | مصدر: عرض مجمع الدفاع بسفارة مصر — الحي الدبلوماسي 2024"
EMB-3-9,الأعمال الإنشائية,توريد وتنفيذ خرسانة مسلحة لزوم سقف خزان المياه على ان لا يقل اجهاد التكسير للأسطوانه بعد 28 يوم عن350 كجم/سم 2 والأسمنت مقاوم للكبريتات مع اضافه ماده ,م3,1600.0,Supply and implementation of reinforced concrete to support the roof o | مصدر: عرض مجمع الدفاع بسفارة مصر — الحي الدبلوماسي 2024
EMB-3-10,الأعمال الإنشائية,توريد وتركيب درجة من الحديد الغير قابل للصدأ المغطي بطبقة من PVC شديد التحمل والمثبتة بمادة ايبوكسية بالجدار لزوم النزول للبيارات والبند يشمل كل مايلز,بالعدد,75.0,Supply and installation one piece of drawer made of stainless steel co | مصدر: عرض مجمع الدفاع بسفارة مصر — الحي الدبلوماسي 2024
EMB-3-11,الأعمال الإنشائية,بالعدد توريد وتركيب غطاء معدني من الزهر الرمادي من النوع المفصلي يتحمل الوزن الثقيل كامل بالقاعده المعدنيه والسعر يشمل أعمال التثبيت والتركيب وكل ما ي,بالعدد,2700.0,"Supply and install a hinged metallic cover made of gray cast iron, cap | مصدر: عرض مجمع الدفاع بسفارة مصر — الحي الدبلوماسي 2024"
EMB-3-12,الأعمال الإنشائية,أعمال العزل : توريد وتنفيذ طبقتين عازلتين متعامدتين من شرائح البيتومين المقوى بألياف البولستر بسمك 4 مم وذالك لعزل قاعده الخزان والجدران بالاضافه لسقف,م2,222.0,Insulation works: Supply and implementation of two perpendicular insul | مصدر: عرض مجمع الدفاع بسفارة مصر — الحي الدبلوماسي 2024
EMB-3-13,الأعمال الإنشائية,بالمتر الطولي توريد وتنفيذ مانع تسرب مائي (WATER STOP) بين قاعده وجدران الخزان وكل ما يلزم لانهاء العمل نهوا تاما طبقا للمواصفات الفنيه وأصول الصناعه ,م.ط,47.0,"By the length meter, supply and implement a water stop (WATER STOP) be | مصدر: عرض مجمع الدفاع بسفارة مصر — الحي الدبلوماسي 2024"
EMB-3-15,الأعمال الإنشائية,كالبند السابق الحفر لقاعدة الخزان في جميع أنواع التربة مع عمل ما يلزم، وحتى أسفل خرسانة النظافة.,م3,80.0,"As the previous item, excavate the base of the tank in all types of so | مصدر: عرض مجمع الدفاع بسفارة مصر — الحي الدبلوماسي 2024"
EMB-3-17,الأعمال الإنشائية,كالبند السابق : التوريد والردم بالردميات المناسبة من تربة متدرجة ويشمل ذلك الردم على طبقات لا تتجاوز 25 سم والرش بالماء والرص والدك لكل طبقة على أن لا,م3,85.0,As the previous item: supplying and backfilling with appropriate fills | مصدر: عرض مجمع الدفاع بسفارة مصر — الحي الدبلوماسي 2024
EMB-3-18,الأعمال الإنشائية,طبقة بحص بسمك 10 سم أسفل الخرسانة العادية لعمل حاجز الخاصية الشعرية للمياه حسب المواصفات الفنية للمشروع وتوجيهات المهندس المشرف .,م2,40.0,A layer of gravel with a thickness of 10 cm under the floor slab to cr | مصدر: عرض مجمع الدفاع بسفارة مصر — الحي الدبلوماسي 2024
EMB-3-19,الأعمال الإنشائية,توريد وتنفيذ خرسانة عادية تحت قاعده المسبح على ان تعطى اجهاد التكسير للأسطوانه القياسية بعد 28 يوم 200كجم/سم2 والأسمنت مقاوم للكبريتات والبند يشمل تنف,م3,600.0,Supply and implementation of normal concrete under the base of swimmin | مصدر: عرض مجمع الدفاع بسفارة مصر — الحي الدبلوماسي 2024
EMB-3-20,الأعمال الإنشائية,أعمال الخرسانة المسلحة: توريد وتنفيذ خرسانة مسلحة للأساسات لزوم قاعده المسبح (لبشه)على ان لا يقل اجهاد التكسير للأسطوانه بعد 28 يوم عن350 كجم/سم2 والأ,م3,1350.0,Reinforced concrete works: Supply and implementation of reinforced con | مصدر: عرض مجمع الدفاع بسفارة مصر — الحي الدبلوماسي 2024
EMB-3-21,الأعمال الإنشائية,بالمتر المربع خرسانة ميول سمك متوسط 70مم لميول أرضيات المسبح نحو التهبيطات الموجوده أسفل الارضيات كما موصف في القطاع الانشائي للخزان طبقا للمخططات وال,م2,60.0,"Per square meter, concrete slopes of average thickness of 70 mm to slo | مصدر: عرض مجمع الدفاع بسفارة مصر — الحي الدبلوماسي 2024"
EMB-3-22,الأعمال الإنشائية,توريد وتنفيذ خرسانة مسلحة لزوم الحوائط على ان لا يقل اجهاد التكسير للأسطوانه بعد 28 يوم عن 350 كجم/سم2 مع أستعمال أسمنت مقاوم للكبريتات بالأضافه الى م,م3,1620.0,"Supply and implementation of reinforced concrete for the walls, provid | مصدر: عرض مجمع الدفاع بسفارة مصر — الحي الدبلوماسي 2024"
EMB-3-23,الأعمال الإنشائية,توريد وتركيب درجة من الحديد الغير قابل للصدأ المغطي بطبقة من PVC شديد التحمل والمثبتة بمادة ايبوكسية بالجدار لزوم خزان التوازن لحمام السباحة والبند يش,بالعدد,75.0,Supply and installation one piece of drawer made of stainless steel co | مصدر: عرض مجمع الدفاع بسفارة مصر — الحي الدبلوماسي 2024
EMB-3-24,الأعمال الإنشائية,بالعدد توريد وتركيب غطاء معدني من الزهر الرمادي من النوع المفصلي يتحمل الوزن الثقيل كامل بالقاعده المعدنيه والسعر يشمل أعمال التثبيت والتركيب وكل ما ي,بالعدد,2700.0,"Supply and install a hinged metallic cover made of gray cast iron, cap | مصدر: عرض مجمع الدفاع بسفارة مصر — الحي الدبلوماسي 2024"
EMB-3-25,الأعمال الإنشائية,أعمال العزل : توريد وتنفيذ طبقتين عازلتين متعامدتين من شرائح البيتومين المقوى بألياف البولستر بسمك 4 مم وذالك لعزل قاعده الخزان والجدران بالاضافه لسقف,م2,150.0,Insulation works: Supply and implementation of two perpendicular insul | مصدر: عرض مجمع الدفاع بسفارة مصر — الحي الدبلوماسي 2024
EMB-3-26,الأعمال الإنشائية,بالمتر الطولي توريد وتنفيذ مانع تسرب مائي (WATER STOP) بين قاعده وجدران الخزان وكل ما يلزم لانهاء العمل نهوا تاما طبقا للمواصفات الفنيه وأصول الصناعه ,م.ط,47.0,"By the length meter, supply and implement a water stop (WATER STOP) be | مصدر: عرض مجمع الدفاع بسفارة مصر — الحي الدبلوماسي 2024"
EMB-3-27,الأعمال الإنشائية,توريد وعمل طبقة إيبوكسي ( epoxy bent resin) لزوم أرضيات وجدران وسقف خزان المياه السعر يشمل تنفيذ كافة أنواع الفواصل اللازمة مع تعبئتها ببولي سيلوفايد ,م2,150.0,"Supplying and making an epoxy layer (epoxy bent resin) for the floors, | مصدر: عرض مجمع الدفاع بسفارة مصر — الحي الدبلوماسي 2024"
EMB-3-28,الأعمال الإنشائية,كالبند السابق الحفر لقواعد الأسوار في جميع أنواع التربة مع عمل ما يلزم، وحتى أسفل خرسانة النظافة.,م3,80.0,"As the previous item, drilling for the bases of fences in all types of | مصدر: عرض مجمع الدفاع بسفارة مصر — الحي الدبلوماسي 2024"
EMB-3-29,الأعمال الإنشائية,كالبند السابق : التوريد والردم بالردميات المناسبة من تربة متدرجة ويشمل ذلك الردم على طبقات لا تتجاوز 25 سم والرش بالماء والرص والدك لكل طبقة على أن لا,م3,85.0,As the previous item: supplying and backfilling with appropriate fills | مصدر: عرض مجمع الدفاع بسفارة مصر — الحي الدبلوماسي 2024
EMB-3-30,الأعمال الإنشائية,أعمال الخرسانة العادية : توريد وتنفيذ خرسانة عادية تحت القواعد والميدات المسلحة على ان تعطى اجهاد التكسير للأسطوانه القياسية بعد 28 يوم 200كجم/سم2 وال,م3,600.0,Plain concrete works : Supply and implementation of Plain concrete und | مصدر: عرض مجمع الدفاع بسفارة مصر — الحي الدبلوماسي 2024
EMB-3-31,الأعمال الإنشائية,أعمال الخرسانة المسلحة: توريد وتنفيذ خرسانة مسلحة للأساسات لزوم القواعد على ان لا يقل اجهاد التكسير للأسطوانه بعد 28 يوم عن350 كجم/سم2 والأسمنت مقاوم ,م3,1400.0,Reinforced concrete works : Supply and implementation of reinforced co | مصدر: عرض مجمع الدفاع بسفارة مصر — الحي الدبلوماسي 2024
EMB-3-32,الأعمال الإنشائية,توريد وتنفيذ خرسانة مسلحة لزوم رقاب الأعمده على ان لا يقل اجهاد التكسير للأسطوانه بعد 28 يوم عن350 كجم/سم2 والأسمنت مقاوم للكبريتات يمكن اضافة مواد ال,م3,1900.0,"Supply and implementation of reinforced concrete for the column necks, | مصدر: عرض مجمع الدفاع بسفارة مصر — الحي الدبلوماسي 2024"
EMB-3-33,الأعمال الإنشائية,توريد وتنفيذ خرسانة مسلحة لزوم الميد على ان لا يقل اجهاد التكسير للأسطوانه بعد 28 يوم عن350 كجم/سم2 والأسمنت مقاوم للكبريتات يمكن اضافة مواد السوبر بل,م3,1600.0,"Supply and implement reinforced concrete Grid beam, provided that the  | مصدر: عرض مجمع الدفاع بسفارة مصر — الحي الدبلوماسي 2024"
EMB-3-34,الأعمال الإنشائية,توريد وتنفيذ خرسانة مسلحة لزوم الأعمدة و الحوائط الخرسانية والطبانات على ان لا يقل اجهاد التكسير للأسطوانه بعد 28 يوم عن 350 كجم/سم2 يمكن اضافة مواد ا,م3,1800.0,"Supply and implement reinforced concrete to fit the columns, provided  | مصدر: عرض مجمع الدفاع بسفارة مصر — الحي الدبلوماسي 2024"
EMB-3-35,الأعمال الإنشائية,توريد و دهان طبقة أساس مع طبقتين من البيتومين السائل الذي يطلى على البارد لكافة العناصر الإنشائية الخرسانية الملاصقة للتربة والمدفونة أسفل أرضيات الدو,م2,15.0,Supply and paint a base layer with two layers of cold-coated liquid bi | مصدر: عرض مجمع الدفاع بسفارة مصر — الحي الدبلوماسي 2024
EMB-3-36,الأعمال الإنشائية,كالبند السابق الحفر لقاعدة المبنى في جميع أنواع التربة مع عمل ما يلزم، وحتى أسفل خرسانة النظافة.,م3,80.0,"As the previous item, excavate for the base of the building in all typ | مصدر: عرض مجمع الدفاع بسفارة مصر — الحي الدبلوماسي 2024"
EMB-3-37,الأعمال الإنشائية,كالبند السابق : التوريد والردم بالردميات المناسبة من تربة متدرجة ويشمل ذلك الردم على طبقات لا تتجاوز 25 سم والرش بالماء والرص والدك لكل طبقة على أن لا,م3,85.0,As the previous item: supplying and backfilling with appropriate fills | مصدر: عرض مجمع الدفاع بسفارة مصر — الحي الدبلوماسي 2024
EMB-3-38,الأعمال الإنشائية,طبقة بحص بسمك 10 سم أسفل بلاطة الأرضية لعمل حاجز الخاصية الشعرية للمياه حسب المواصفات الفنية للمشروع,م2,40.0,A layer of gravel with a thickness of 10 cm under the floor slab to cr | مصدر: عرض مجمع الدفاع بسفارة مصر — الحي الدبلوماسي 2024
EMB-3-39,الأعمال الإنشائية,توريد ورش المبيدات الخاصة بدودة الأرض (النمل الأبيض والحشرات ) وبالتركيز الموصى به حسب تعليمات الشركة المنتجة والجدول المعتمد وذلك أسفل خرسانات الدور ,م2,12.0,Supply and spray pesticides for earthworms (termites and insects) at t | مصدر: عرض مجمع الدفاع بسفارة مصر — الحي الدبلوماسي 2024
EMB-3-40,الأعمال الإنشائية,أعمال الخرسانة العادية : توريد وتنفيذ خرسانة عادية تحت القواعد والميدات المسلحة على ان تعطى اجهاد التكسير للأسطوانه القياسية بعد 28 يوم 200كجم/سم2 وال,م3,600.0,Plain concrete works : Supply and implementation of Plain concrete und | مصدر: عرض مجمع الدفاع بسفارة مصر — الحي الدبلوماسي 2024
EMB-3-41,الأعمال الإنشائية,أعمال الخرسانة المسلحة: توريد وتنفيذ خرسانة مسلحة للأساسات لزوم القواعد او اللبشه على ان لا يقل اجهاد التكسير للأسطوانه بعد 28 يوم عن350 كجم/سم2 والأس,م3,1450.0,Reinforced concrete works: Supply and implementation of reinforced con | مصدر: عرض مجمع الدفاع بسفارة مصر — الحي الدبلوماسي 2024
EMB-3-42,الأعمال الإنشائية,توريد وتنفيذ خرسانة مسلحة لزوم رقاب الأعمده على ان لا يقل اجهاد التكسير للأسطوانه بعد 28 يوم عن350 كجم/سم2 والأسمنت مقاوم للكبريتات يمكن اضافة مواد ال,م3,1650.0,"Supply and implementation of reinforced concrete for the column necks, | مصدر: عرض مجمع الدفاع بسفارة مصر — الحي الدبلوماسي 2024"
EMB-3-43,الأعمال الإنشائية,توريد وتنفيذ خرسانة مسلحة لزوم الميد والشدادات على ان لا يقل اجهاد التكسير للأسطوانه بعد 28 يوم عن350 كجم/سم2 والأسمنت مقاوم للكبريتات يمكن اضافة مواد,م3,1500.0,"Supply and implement reinforced concrete Grid beam& Tie beam, provided | مصدر: عرض مجمع الدفاع بسفارة مصر — الحي الدبلوماسي 2024"
EMB-3-44,الأعمال الإنشائية,توريد وتنفيذ خرسانة مسلحة سمك 150مم أسفل تبليطات الدور الأرضي على ان لا يقل اجهاد التكسير للأسطوانه بعد 28 يوم عن 350 كجم/سم2 والأسمنت مقاوم للكبريتات,م3,705.0,"Supply and implementation of reinforced concrete, 120 mm thick, under  | مصدر: عرض مجمع الدفاع بسفارة مصر — الحي الدبلوماسي 2024"
EMB-3-45,الأعمال الإنشائية,توريد و دهان طبقة أساس مع طبقتين من البيتومين السائل الذي يطلى على البارد لكافة العناصر الإنشائية الخرسانية الملاصقة للتربة والمدفونة أسفل أرضيات الدو,م2,14.0,Supply and paint a base layer with two layers of cold-coated liquid bi | مصدر: عرض مجمع الدفاع بسفارة مصر — الحي الدبلوماسي 2024
EMB-3-46,الأعمال الإنشائية,توريد وتنفيذ خرسانة مسلحة لزوم الأعمدة و الحوائط الخرسانية على ان لا يقل اجهاد التكسير للأسطوانه بعد 28 يوم عن 350 كجم/سم2 يمكن اضافة مواد السوبر بلاس,م3,1650.0,"Supply and implement reinforced concrete to fit the columns, provided  | مصدر: عرض مجمع الدفاع بسفارة مصر — الحي الدبلوماسي 2024"
EMB-3-47,الأعمال الإنشائية,توريد وتنفيذ خرسانة مسلحة لزوم الكمرات الساقطه والمخفيه والمقلوبه كما موضح بالمخططات على ان لا يقل اجهاد التكسير للأسطوانه بعد 28 يوم عن 350 كجم/سم2 ي,م3,1515.0,"Supply and implementation of reinforced concrete for the drop beams ,  | مصدر: عرض مجمع الدفاع بسفارة مصر — الحي الدبلوماسي 2024"
EMB-3-48,الأعمال الإنشائية,"توريد وتنفيذ خرسانة مسلحة للبلاطات المصمتة ,واللا كمريه (solid slabs& Flat slabs) . على ان لا يقل اجهاد التكسير للأسطوانه بعد 28 يوم عن 350 كجم/سم2 يم",م3,1500.0,Supply and implementation of reinforced concrete for solid slabs. Prov | مصدر: عرض مجمع الدفاع بسفارة مصر — الحي الدبلوماسي 2024
EMB-3-49,الأعمال الإنشائية,توريد وتنفيذ خرسانة مسلحة للأسقف المعصبه (الهوردي) فقط ولا تشمل الكمرات الرئيسية والكمرات الفرعية على ان لا يقل اجهاد التكسير للأسطوانه بعد 28 يوم عن ,م2,915.0,"Supply and implementation of reinforced concrete for hordy slab, not i | مصدر: عرض مجمع الدفاع بسفارة مصر — الحي الدبلوماسي 2024"
EMB-4-1,أعمال المباني (بلوك),مباني من البلوك المصمت سمك 30سم مؤلفة من جدران من الطوب المزدوج سماكة الجدار الخارجي 15سم وبينهما فراغ يحتوي على العازل الحراري سماكة 5سم من الصوف الص,م2,190.0,"WALLS made of solid blocks with a thickness of30 cm, consisting of dou | مصدر: عرض مجمع الدفاع بسفارة مصر — الحي الدبلوماسي 2024"
EMB-4-2,أعمال المباني (بلوك),مباني من البلوك الاسمنتي سمك 200 مم والمترابط بمونة الأسمنت والسعر يشمل الاكسسوارات المعدنية وزوايا الريط وقضبان التسليح والأعتاب وغيرها من الملحقات، ,م2,115.0,200 mm thick wall CEMENT BLOCKS bedded and joined in cement mortar inc | مصدر: عرض مجمع الدفاع بسفارة مصر — الحي الدبلوماسي 2024
EMB-4-3,أعمال المباني (بلوك),مباني من البلوك الاسمنتي سمك 150 مم والمترابط بمونة الأسمنت والسعر يشمل الاكسسوارات المعدنية وزوايا الريط وقضبان التسليح والأعتاب وغيرها من الملحقات، ,م2,105.0,150 mm thick wall CEMENT BLOCKS bedded and joined in cement mortar inc | مصدر: عرض مجمع الدفاع بسفارة مصر — الحي الدبلوماسي 2024
EMB-4-4,أعمال المباني (بلوك),مباني من البلوك الاسمنتي سمك 100 مم والمترابط بمونة الأسمنت والسعر يشمل الاكسسوارات المعدنية وزوايا الريط وقضبان التسليح والأعتاب وغيرها من الملحقات، ,م2,105.0,150 mm thick wall CEMENT BLOCKS bedded and joined in cement mortar inc | مصدر: عرض مجمع الدفاع بسفارة مصر — الحي الدبلوماسي 2024
EMB-5-1,الأعمال المعدنية,درابزين من الستنلس ستيل ماسورة بقطر 50 مم سمك 2.00ملم وزجاج مقسى سيكوريت سماكة 12لزوم السلالم والممرات مع مراعاة زيادة التثبيت فى الممرات وحسب المواصف,م.ط,750.0,Stainless steel handrail with a 50mm diameter pipe and 2.00mm thicknes | مصدر: عرض مجمع الدفاع بسفارة مصر — الحي الدبلوماسي 2024
EMB-5-2,الأعمال المعدنية,توريد وتركيب درابزين يدوي من الفولاذ المقاوم للصدأ مقاس 50 مم بارتفاع 980 مم ومثبتًا على الخرسانة بقاعدة من الفولاذ المقاوم للصدأ كاملة للمنحدرات الخا,م.ط,575.0,"Supply and install a stainless steel handrail, 50 mm in diameter and 9 | مصدر: عرض مجمع الدفاع بسفارة مصر — الحي الدبلوماسي 2024"
EMB-5-3,الأعمال المعدنية,توريد وتركيب سلم حمام سباحة من الستانلس ستيل مقاس 2 بوصة غير قابل للانزلاق مركب دواسات علي الدرج والبند يشمل التثبيت والتركيب ببراغي مقاومة للصدأ طبقا,بالعدد,1500.0,Supply and install a stainless steel swimming pool ladder with a 2-inc | مصدر: عرض مجمع الدفاع بسفارة مصر — الحي الدبلوماسي 2024
EMB-5-4,الأعمال المعدنية,سارية العلم الارتفاع: 3 أمتار مصنوعة من الفولاذ المقاوم للصدأ قطر السارية 100 مم القاعدة: قاعدة مثبتة قوية، مصنوعة من الحديد أ، مع إمكانية التثبيت على,بالعدد,5000.0,"Flagpole: Height: 3 meters, made of stainless steel Diameter: 100 mm B | مصدر: عرض مجمع الدفاع بسفارة مصر — الحي الدبلوماسي 2024"
EMB-5-5,الأعمال المعدنية,توريد وتركيب وحدة اضاءة سماوية بأبعاد 2000*3000 مم طبقاً للمخططات من قطاعات الحديد المجلفن المدهون بدهان ناري ومحمل على البند كل ما يلزم لتنفيذ وأنهاء,بالعدد,8000.0,Supply and installation of a skylight unit with dimensions of 2000*300 | مصدر: عرض مجمع الدفاع بسفارة مصر — الحي الدبلوماسي 2024
EMB-5-6,الأعمال المعدنية,توريد وتركيب وحدة اضاءة سماوية بأبعاد 6100*5800 مم طبقاً للمخططات من قطاعات الحديد المجلفن المدهون بدهان ناري ومحمل على البند كل ما يلزم لتنفيذ وأنهاء,بالعدد,45000.0,Supply and installation of a skylight unit with dimensions of 6100*580 | مصدر: عرض مجمع الدفاع بسفارة مصر — الحي الدبلوماسي 2024
EMB-5-7,الأعمال المعدنية,توريد وتركيب وحدة اضاءة سماوية بأبعاد 8600*4500 مم طبقاً للمخططات من قطاعات الحديد المجلفن المدهون بدهان ناري ومحمل على البند كل ما يلزم لتنفيذ وأنهاء,بالعدد,46000.0,Supply and installation of a skylight unit with dimensions of 8600*450 | مصدر: عرض مجمع الدفاع بسفارة مصر — الحي الدبلوماسي 2024
EMB-5-8,الأعمال المعدنية,لوحة باسم المشروع من النحاس البارز سمك 2سم ومقاس الحرف 35مم مطلي بمادة البولي بوريثان ملصوقة على جدار الملحقية بواسطة مادة أيبوكسية عالية المقاومة للع,بالعدد,6000.0,Identification board with the name of the project made of 2 cm thick r | مصدر: عرض مجمع الدفاع بسفارة مصر — الحي الدبلوماسي 2024
EMB-5-9,الأعمال المعدنية,لوحات إرشادية من النحاس الأصفر المصقول، الشكل: مستطيل لجميع الغرف والمكاتب مقاس 180ملم×360ملم وحسب توصية المهندس المشرف وإعتماد المالك,بالعدد,600.0,"Polished Golden Brass Sign Board, Shape: Rectangular, sized 180mm × 36 | مصدر: عرض مجمع الدفاع بسفارة مصر — الحي الدبلوماسي 2024"
EMB-5-10,الأعمال المعدنية,تصميم و توريد و تنفيذ جدارية مجسمة بارزة لشعار مكتب ملحق الدفاع بالرياض من أفضل المواد و الخامات و الألوان ذات العمر الطويل و ذلك عن طريق شركات محلية ,م2,10000.0,"Design, supply, and execution of a raised, three-dimensional mural of  | مصدر: عرض مجمع الدفاع بسفارة مصر — الحي الدبلوماسي 2024"
EMB-5-11,الأعمال المعدنية,سلم متداخل قابل للطي مخفي بالسقف (ROOF ACCESS LADDER ) من الحديد المجلفن شاملا قبة سماوية اعلي السلم لمنع تسرب المياه الي المبني جميع و مايلزم لتنفيذ ,بالعدد,7050.0,"A hidden folding ladder (ROOF ACCESS LADDER) made of galvanized iron,  | مصدر: عرض مجمع الدفاع بسفارة مصر — الحي الدبلوماسي 2024"
EMB-5-12,الأعمال المعدنية,سلم بحاري من الحديد المجلفن مكون من جزئين متداخلين بحيث يمكن فرده اثناء الاستخدام وطيه في حال عدم الحاجة شاملا جميع مايلزم لتنفيذ وانهاء الأعمال المعد,بالعدد,3500.0,A galvanized iron ladder consisting of two interlocking parts that can | مصدر: عرض مجمع الدفاع بسفارة مصر — الحي الدبلوماسي 2024
EMB-5-13,الأعمال المعدنية,تغطيات معدنية من الحديد المجلفن المحبب سمك 3 مم لزوم تغطية ترنشات غرفة الكهرباء شاملا جميع مايلزم لتنفيذ وانهاء الأعمال المعدنية المعمارية على الوجه ا,م.ط,430.0,Metal covers made of 3 mm thick galvanized iron for covering the elect | مصدر: عرض مجمع الدفاع بسفارة مصر — الحي الدبلوماسي 2024
EMB-5-14,الأعمال المعدنية,توريد وتركيب مظلة معدنية للجراجات وتغطيات التراس مكونة من هيكل مصنوع من الفولاذ المجلفن و التغطية: قماش بي في سي (PVC) عالي الجودة، مقاوم للعوامل الجو,م2,450.0,Supply and installation of a metal canopy for garages and terrace cove | مصدر: عرض مجمع الدفاع بسفارة مصر — الحي الدبلوماسي 2024
EMB-5-15,الأعمال المعدنية,توريد وتركيب مظلة معدنية لمنطقة حمام السباحة مكونة من هيكل مصنوع من الفولاذ المجلفن و التغطية: قماش بي في سي (PVC) عالي الجودة، مقاوم للعوامل الجوية و,م2,611.0,"Supply and installation of a metal canopy for the swimming pool area,  | مصدر: عرض مجمع الدفاع بسفارة مصر — الحي الدبلوماسي 2024"
EMB-7-1,العزل الحراري والمائي,طبقتان من لفائف البيتومين المعدل بسمك 4 مم لكل طبقة يتم تثبيتها باللهب علي السطح الخرساني ويتم عمل تراكب 50 مم بين اطراف اللحام - ومحمل علي السعر ما ي,م2,215.0,Two Layers 4mm thick modified bitumen sheet membrane torched down appl | مصدر: عرض مجمع الدفاع بسفارة مصر — الحي الدبلوماسي 2024
EMB-7-2,العزل الحراري والمائي,غشاء عازل للماء بطبقتين (4 مم + 4 مم) من لفائف البيتومين حسب الرسومات والمواصفات وحسب توصية المهندس المشرف وإعتماد المالك,م2,80.0,Two-layers (4mm + 4mm) thick waterproofing membrane as per drawings an | مصدر: عرض مجمع الدفاع بسفارة مصر — الحي الدبلوماسي 2024
EMB-8-1,الأبواب والنوافذ,D1 2200 H X1800 W mm,بالعدد,6000.0,D1 2200 H X1800 W mm | مصدر: عرض مجمع الدفاع بسفارة مصر — الحي الدبلوماسي 2024
EMB-8-2,الأبواب والنوافذ,D2 2200 H X1000 W mm,بالعدد,3500.0,D2 2200 H X1000 W mm | مصدر: عرض مجمع الدفاع بسفارة مصر — الحي الدبلوماسي 2024
EMB-8-3,الأبواب والنوافذ,D3 2200 H X2000 W mm,بالعدد,6000.0,D3 2200 H X2000 W mm | مصدر: عرض مجمع الدفاع بسفارة مصر — الحي الدبلوماسي 2024
EMB-8-4,الأبواب والنوافذ,D4 2200 H X1700 W mm,بالعدد,6000.0,D4 2200 H X1700 W mm | مصدر: عرض مجمع الدفاع بسفارة مصر — الحي الدبلوماسي 2024
EMB-8-5,الأبواب والنوافذ,D5 2200 H X3000 W mm,بالعدد,6600.0,D5 2200 H X3000 W mm | مصدر: عرض مجمع الدفاع بسفارة مصر — الحي الدبلوماسي 2024
EMB-8-6,الأبواب والنوافذ,D6 2200 H X2400 W mm,بالعدد,5300.0,D6 2200 H X2400 W mm | مصدر: عرض مجمع الدفاع بسفارة مصر — الحي الدبلوماسي 2024
EMB-8-7,الأبواب والنوافذ,D7 2200 H 3000 W mm,بالعدد,6600.0,D7 2200 H 3000 W mm | مصدر: عرض مجمع الدفاع بسفارة مصر — الحي الدبلوماسي 2024
EMB-8-8,الأبواب والنوافذ,D8 2200 H 1000 W mm,بالعدد,3250.0,D8 2200 H 1000 W mm | مصدر: عرض مجمع الدفاع بسفارة مصر — الحي الدبلوماسي 2024
EMB-8-9,الأبواب والنوافذ,GSD-1 2200 H 1800 W mm,بالعدد,4700.0,GSD-1 2200 H 1800 W mm | مصدر: عرض مجمع الدفاع بسفارة مصر — الحي الدبلوماسي 2024
EMB-8-10,الأبواب والنوافذ,SD-1 2200 H 900 W mm,بالعدد,2200.0,SD-1 2200 H 900 W mm | مصدر: عرض مجمع الدفاع بسفارة مصر — الحي الدبلوماسي 2024
EMB-8-11,الأبواب والنوافذ,SD-2 2200 H 1000 W mm,بالعدد,2200.0,SD-2 2200 H 1000 W mm | مصدر: عرض مجمع الدفاع بسفارة مصر — الحي الدبلوماسي 2024
EMB-8-12,الأبواب والنوافذ,SD-3 2200 H 1000 W mm,بالعدد,2200.0,SD-3 2200 H 1000 W mm | مصدر: عرض مجمع الدفاع بسفارة مصر — الحي الدبلوماسي 2024
EMB-8-13,الأبواب والنوافذ,DW-1 1800 H 900 W mm,بالعدد,2200.0,DW-1 1800 H 900 W mm | مصدر: عرض مجمع الدفاع بسفارة مصر — الحي الدبلوماسي 2024
EMB-8-14,الأبواب والنوافذ,DW-2 1800 H 800 W mm,بالعدد,2200.0,DW-2 1800 H 800 W mm | مصدر: عرض مجمع الدفاع بسفارة مصر — الحي الدبلوماسي 2024
EMB-8-15,الأبواب والنوافذ,DW-3 2000 H 4350 W mm,بالعدد,10500.0,DW-3 2000 H 4350 W mm | مصدر: عرض مجمع الدفاع بسفارة مصر — الحي الدبلوماسي 2024
EMB-8-16,الأبواب والنوافذ,DW-4 2000 H 1000 W mm,بالعدد,2200.0,DW-4 2000 H 1000 W mm | مصدر: عرض مجمع الدفاع بسفارة مصر — الحي الدبلوماسي 2024
EMB-8-17,الأبواب والنوافذ,DA-1 2000 H 1000 W mm,بالعدد,3585.0,DA-1 2000 H 1000 W mm | مصدر: عرض مجمع الدفاع بسفارة مصر — الحي الدبلوماسي 2024
EMB-8-18,الأبواب والنوافذ,D-9 2200H 1000 W mm,بالعدد,3500.0,D-9 2200H 1000 W mm | مصدر: عرض مجمع الدفاع بسفارة مصر — الحي الدبلوماسي 2024
EMB-8-19,الأبواب والنوافذ,D-10 2200H 1000 W mm,بالعدد,3700.0,D-10 2200H 1000 W mm | مصدر: عرض مجمع الدفاع بسفارة مصر — الحي الدبلوماسي 2024
EMB-8-20,الأبواب والنوافذ,W1 2800 H X650 W mm,بالعدد,1640.0,W1 2800 H X650 W mm | مصدر: عرض مجمع الدفاع بسفارة مصر — الحي الدبلوماسي 2024
EMB-8-21,الأبواب والنوافذ,W2 2700 H X650 W mm,بالعدد,1700.0,W2 2700 H X650 W mm | مصدر: عرض مجمع الدفاع بسفارة مصر — الحي الدبلوماسي 2024
EMB-8-22,الأبواب والنوافذ,W3 1800 H X650 W mm,بالعدد,1200.0,W3 1800 H X650 W mm | مصدر: عرض مجمع الدفاع بسفارة مصر — الحي الدبلوماسي 2024
EMB-8-23,الأبواب والنوافذ,W4 2800 H X650 W mm,بالعدد,1600.0,W4 2800 H X650 W mm | مصدر: عرض مجمع الدفاع بسفارة مصر — الحي الدبلوماسي 2024
EMB-8-24,الأبواب والنوافذ,W5 1400 H X1400 W mm,بالعدد,1850.0,W5 1400 H X1400 W mm | مصدر: عرض مجمع الدفاع بسفارة مصر — الحي الدبلوماسي 2024
EMB-8-25,الأبواب والنوافذ,W6 3200 H X1400 W mm,بالعدد,4200.0,W6 3200 H X1400 W mm | مصدر: عرض مجمع الدفاع بسفارة مصر — الحي الدبلوماسي 2024
EMB-8-26,الأبواب والنوافذ,W7 2250 H X6100 W mm,بالعدد,13500.0,W7 2250 H X6100 W mm | مصدر: عرض مجمع الدفاع بسفارة مصر — الحي الدبلوماسي 2024
EMB-8-27,الأبواب والنوافذ,W8 1400 H X2150 W mm,بالعدد,2800.0,W8 1400 H X2150 W mm | مصدر: عرض مجمع الدفاع بسفارة مصر — الحي الدبلوماسي 2024
EMB-8-28,الأبواب والنوافذ,W9 1200 H X2150 W mm,بالعدد,2000.0,W9 1400 H X2150 W mm | مصدر: عرض مجمع الدفاع بسفارة مصر — الحي الدبلوماسي 2024
EMB-8-29,الأبواب والنوافذ,W10 3750H X2150 W mm,بالعدد,7000.0,W10 4200H X2150 W mm | مصدر: عرض مجمع الدفاع بسفارة مصر — الحي الدبلوماسي 2024
EMB-8-30,الأبواب والنوافذ,CW3 3000 H X3650 W mm,بالعدد,14000.0,CW3 3000 H X3650 W mm | مصدر: عرض مجمع الدفاع بسفارة مصر — الحي الدبلوماسي 2024
EMB-8-31,الأبواب والنوافذ,CW4 3000 H X4850 W mm,بالعدد,18000.0,CW4 3000 H X4850 W mm | مصدر: عرض مجمع الدفاع بسفارة مصر — الحي الدبلوماسي 2024
EMB-8-32,الأبواب والنوافذ,CW5 3000 H X5900 W mm,بالعدد,24000.0,CW5 3000 H X5900 W mm | مصدر: عرض مجمع الدفاع بسفارة مصر — الحي الدبلوماسي 2024
EMB-8-33,الأبواب والنوافذ,المشربيّات االالومنيوم سمك لايقل عن 2.5 مم تتكون من إطار الومنيوم شبكي يستخدم كعنصر تظليل. مصنوع من الالومنيوم المدهون بطلاء بودرة إلكتروستاتيكية مقاو,م2,799.0,"Aluminum Mashrabiya, with a thickness of no less than 2.5 mm, consists | مصدر: عرض مجمع الدفاع بسفارة مصر — الحي الدبلوماسي 2024"
EMB-9-1,أعمال التشطيبات,ارضيات من الجرانيت الامبرادور الغامق سمك 30مم (تشطيب مصقول) لمداخل الابواب الرئيسية بالمبني الرئيسي والفلل طبقا للمخططات والمواصفات وحسب توصية المهندس,م2,400.0,"Floors made of dark Emperador granite, 30 mm thick, with a polished fi | مصدر: عرض مجمع الدفاع بسفارة مصر — الحي الدبلوماسي 2024"
EMB-9-2,أعمال التشطيبات,ارضيات من الجرانيت الامبرادور الغامق سمك 30مم (تشطيب خشن) للمنحدرات بالموقع العام طبقا للمخططات والمواصفات وحسب توصية المهندس المشرف وإعتماد المالك,م2,400.0,"Floors made of dark Emperador granite, 30 mm thick, with a rough finis | مصدر: عرض مجمع الدفاع بسفارة مصر — الحي الدبلوماسي 2024"
EMB-9-3,أعمال التشطيبات,ارضيات من الرخام كريما مارفل (تشطيب مصقول) بالمبني الرئيسي بمنطقة البهو والطرقات - والفيلا الرئيسية بالبهو الرئيسي- و غرف استقبال الضيوف والطعام والتو,م2,600.0,Marble floors (polished finish) | مصدر: عرض مجمع الدفاع بسفارة مصر — الحي الدبلوماسي 2024
EMB-9-4,أعمال التشطيبات,ارضيات من الرخام كرارة ايطالي (تشطيب مصقول) بحمامات الضيوف وحمام القائد بالمبني الرئيسي -وحمامات الضيوف بالفلل وذلك طبقا للمخططات وحسب توصية المهندس ا,م2,530.0,Marble floors (polished finish) | مصدر: عرض مجمع الدفاع بسفارة مصر — الحي الدبلوماسي 2024
EMB-9-5,أعمال التشطيبات,بلاط سيراميك(غير قابل للانزلاق) حسب اللون والمقاس المعتمد لحمام السباحة وحسب توصية المهندس المشرف وإعتماد المالك,م2,113.0,Ceramic tiles (non-slip) according to the approved color and size | مصدر: عرض مجمع الدفاع بسفارة مصر — الحي الدبلوماسي 2024
EMB-9-6,أعمال التشطيبات,بورسلان لامع سمك 20 مم (غير قابل للانزلاق ) حسب اللون والمقاس المعتمد بالحمامامات الخاصة بالفلل وحمامات مباني الخدمات والمطابخ والتراس وحسب توصية المه,م2,141.0,"Glossy porcelain tiles (non-slip) with a thickness of 20 mm, as per th | مصدر: عرض مجمع الدفاع بسفارة مصر — الحي الدبلوماسي 2024"
EMB-9-7,أعمال التشطيبات,بلاط بورسلان لامع سمك 20مم (تشطيب مصقول) بمباني الخدمات والغرف حسب اللون والمقاس المعتمد,م2,141.0,"Glossy porcelain tiles with a polished finish, 20 mm thick, to be used | مصدر: عرض مجمع الدفاع بسفارة مصر — الحي الدبلوماسي 2024"
EMB-9-8,أعمال التشطيبات,- توريد و تركيب بلاطات موكيت للأرضيات درجة أولي من النوع الفاخر صناعة أوربية ومصنع من الصوف بنسبة لا تقل عن ٥٠ % و السمك ١٠ مم وكثافة ٣٦ غرزة في البوص,م2,239.0,"Supply and installation of premium-grade carpet tiles for flooring, of | مصدر: عرض مجمع الدفاع بسفارة مصر — الحي الدبلوماسي 2024"
EMB-9-9,أعمال التشطيبات,توريد و تركيب سجاد رول للأرضيات درجة أولي من النوع الفاخر صناعة أوربية ومصنع من الصوف بنسبة لا تقل عن ٨٠ % معالج ضد الحريق ومقاوم للكهرباء الأستاتيكية,م2,275.0,"Supply and installation of high-quality roll carpet for flooring, of p | مصدر: عرض مجمع الدفاع بسفارة مصر — الحي الدبلوماسي 2024"
EMB-9-10,أعمال التشطيبات,ارضيات من دهان الإيبوكسي مقاوم للكهرباء الساكنة ومقاوم للرطوبة بسمك 2 مم وحسب توصية المهندس المشرف وإعتماد المالك.,بالعدد,70.0,2mm thick antistatic and moisture resistant epoxy flooring. | مصدر: عرض مجمع الدفاع بسفارة مصر — الحي الدبلوماسي 2024
EMB-9-11,أعمال التشطيبات,توريد وتركيب عتبة من الالومنيوم عرض 30سم سمك 3.3 مم تصميم مموج حسب الطول المطلوب للابواب وحسب توصية المهندس المشرف وإعتماد المالك,م.ط,113.0,"Supply and installation of an aluminum threshold, 30cm wide and 3.3mm  | مصدر: عرض مجمع الدفاع بسفارة مصر — الحي الدبلوماسي 2024"
EMB-9-12,أعمال التشطيبات,توريد وتركيب عتبة 30 مم من حجر الرياض بالعرض والطول المطلوب لطبانات النوافذ (لزوم المباني الخدمية) وحسب توصية المهندس المشرف وإعتماد المالك,م.ط,141.0,"Supply and installation of a 30mm threshold made of Riyadh stone, size | مصدر: عرض مجمع الدفاع بسفارة مصر — الحي الدبلوماسي 2024"
EMB-9-13,أعمال التشطيبات,قوائم ونوائم من الرخام كريما مارفل اسباني سمك 20 مم للقائمة و30 ملم للنائمة وحسب توصية المهندس المشرف وإعتماد المالك,م.ط,350.0,"Risers made of Spanish Cream Marble, 20mm thick and . Landing 30 mm th | مصدر: عرض مجمع الدفاع بسفارة مصر — الحي الدبلوماسي 2024"
EMB-9-14,أعمال التشطيبات,بسطات الدرج من الرخام كريما مارفل اسباني سمك 30 مم وحسب توصية المهندس المشرف وإعتماد المالك,م2,611.0,"30mm thick Spanish Cream Marble, stair Landings | مصدر: عرض مجمع الدفاع بسفارة مصر — الحي الدبلوماسي 2024"
EMB-9-15,أعمال التشطيبات,توريد و تركيب تكسية ديكورية للحوائط من الواح خشب الكوانتر سمك ١٨ مم مغطي بقشرة خشب طبيعية تحقق الامتصاص الصوتي على كامل محيط القاعات مع حلية الخشب الم,م2,650.0,Supply and installation of decorative wall cladding made of 18mm thick | مصدر: عرض مجمع الدفاع بسفارة مصر — الحي الدبلوماسي 2024
EMB-9-16,أعمال التشطيبات,تكسيات للحوائط من الرخام كرارة ايطالي (تشطيب مصقول) سمك 20 مم بحمامات الضيوف وحمام القائد بالمبني الرئيسي وحمامات الضيوف فقط وحسب توصية المهندس المشرف,م2,478.0,Marble floors (polished finish) 20mm | مصدر: عرض مجمع الدفاع بسفارة مصر — الحي الدبلوماسي 2024
EMB-9-17,أعمال التشطيبات,تكسيات للحوائط من ورق الحائط مستورد من افخم الانواع ومقاوم للمياه والرطوبة - داخل بانوه فيوتك - بحمامات الضيوف وحمام القائد بالمبني الرئيسي وحمامات ال,م2,179.0,"Wall cladding with imported wallpaper of the finest quality, water and | مصدر: عرض مجمع الدفاع بسفارة مصر — الحي الدبلوماسي 2024"
EMB-9-18,أعمال التشطيبات,دهانات بلاستيك قابل للغسيل لجميع الحوائط الداخلية بالمبني الرئيسي والفيلات ومباني الخدمات وحسب توصية المهندس المشرف وإعتماد المالك,م2,48.0,WASHABLE ACRYLIC PAINT ON PLASTER | مصدر: عرض مجمع الدفاع بسفارة مصر — الحي الدبلوماسي 2024
EMB-9-19,أعمال التشطيبات,سيراميك حوائط بالمقاسات المطلوبة حسب المخططات واعتماد المهندس المشرف لحمام السباحة وحسب توصية المهندس المشرف وإعتماد المالك,م2,113.0,Wall ceramics in the required sizes according to the plans and the app | مصدر: عرض مجمع الدفاع بسفارة مصر — الحي الدبلوماسي 2024
EMB-9-20,أعمال التشطيبات,بورسلان لامع للحوائط سمك 10مم بالمقاسات المطلوبة حسب المخططات واعتماد المهندس المشرف بالحمامات والمطابخ بالمكتب الرئيسي والفيلات ومباني الخدمات وحسب ت,م2,141.0,"Glossy porcelain tiles for walls, 10 mm thick, in the required sizes a | مصدر: عرض مجمع الدفاع بسفارة مصر — الحي الدبلوماسي 2024"
EMB-9-21,أعمال التشطيبات,تكسيات من حجر الرياض للواجهات تركيب ميكانيكي مع عزل الواجهه ضد الرطوبة طبقاً للمخططات والسعر يشمل عتبات الشبابيك والاكسوارات وحسب توصية المهندس المشرف,م2,329.0,"Riyadh stone cladding for facades with mechanical installation, includ | مصدر: عرض مجمع الدفاع بسفارة مصر — الحي الدبلوماسي 2024"
EMB-9-22,أعمال التشطيبات,اسفال من الجرانيت الامبرادور الغامق مصقول سمك 20 مم وبارتفاع لا يقل عن 600 مم حسب اعتماد المالك والسعر يشمل زاوية من الحديد المجلف بابعاد 60*60*25 مم ,م2,300.0,"Clading base made of polished dark Emperador granite, 20 mm thick, wit | مصدر: عرض مجمع الدفاع بسفارة مصر — الحي الدبلوماسي 2024"
EMB-9-23,أعمال التشطيبات,دهان بروفايل ملون حسب المواصفات وحسب توصية المهندس المشرف وإعتماد المالك,م2,55.0,Cementitious decorative colored render as per specification and archit | مصدر: عرض مجمع الدفاع بسفارة مصر — الحي الدبلوماسي 2024
EMB-9-24,أعمال التشطيبات,دهان رشة امريكية خشن الملمس وحسب توصية المهندس المشرف وإعتماد المالك,م2,50.0,Rough-textured paint | مصدر: عرض مجمع الدفاع بسفارة مصر — الحي الدبلوماسي 2024
EMB-9-25,أعمال التشطيبات,لياسة اسمنتية والتجهيز لاعمال الدهانات والتشطيب النهائي وحسب توصية المهندس المشرف وإعتماد المالك,م2,40.0,Cement and sand plaster to suit wall paint and tile finishes | مصدر: عرض مجمع الدفاع بسفارة مصر — الحي الدبلوماسي 2024
EMB-9-26,أعمال التشطيبات,اسقف جبسية شاملة الدهانات البلاستيكية القابلة للغسيل وحسب توصية المهندس المشرف وإعتماد المالك,م2,141.0,Gypsum ceilings including washable plastic paints | مصدر: عرض مجمع الدفاع بسفارة مصر — الحي الدبلوماسي 2024
EMB-9-27,أعمال التشطيبات,اسقف جبسية مقاومة للرطوبة شاملة الدهانات البلاستيكية القابلة للغسيل بالحمامات والمطابخ وحسب توصية المهندس المشرف وإعتماد المالك,م2,150.0,Moisture resistant gypsum ceilings including washable plastic paints | مصدر: عرض مجمع الدفاع بسفارة مصر — الحي الدبلوماسي 2024
EMB-9-28,أعمال التشطيبات,دهان بلاستيك قابل للغسيل وحسب توصية المهندس المشرف وإعتماد المالك,م2,40.0,WASHABLE ACRYLIC PAINT | مصدر: عرض مجمع الدفاع بسفارة مصر — الحي الدبلوماسي 2024
EMB-9-29,أعمال التشطيبات,نافورة داخلية هيكل مصنوع من الخرسانة المسلحة، تشطيب رخام كريما مارفل تصميم عصري أو تقليدي حسب الطلب واعتماد المالك، مع خيارات متعددة مثل نوافير الجدرا,بالعدد,90000.0,Indoor Fountain Structure made of reinforced concrete with a Crema Mar | مصدر: عرض مجمع الدفاع بسفارة مصر — الحي الدبلوماسي 2024
EMB-9-30,أعمال التشطيبات,نافورة خارجية هيكل مصنوع من الخرسانة المسلحة، تشطيب خارجي بحجر الرياض وتشطيب داخلي سيراميك فسيفساء تصميم عصري أو تقليدي حسب الطلب واعتماد المالك، مع خ,بالعدد,100000.0,Outdoor Fountain Structure made of reinforced concrete. Exterior finis | مصدر: عرض مجمع الدفاع بسفارة مصر — الحي الدبلوماسي 2024
EMB-10-1,الأعمال التخصصية والإكسسوارات,حامل مناديل يعمل بالخلية الضوئية يركب داخل دورات المياة العامة مع كافة الاجهزة الخاصة بة لاتمام العمل على الوجة الاكمل وحسب توصية المهندس المشرف وإعتم,بالعدد,597.0,"Photocell-operated tissue holder to be installed in public restrooms,  | مصدر: عرض مجمع الدفاع بسفارة مصر — الحي الدبلوماسي 2024"
EMB-10-2,الأعمال التخصصية والإكسسوارات,مجفف يعمل بالخلية الضوئية يركب داخل دورات المياة العامة مع كافة الاجهزة الخاصة بة لاتمام العمل على الوجة الاكمل وحسب توصية المهندس المشرف وإعتماد الما,بالعدد,1470.0,"Photocell-operated dryer to be installed in public restrooms, includin | مصدر: عرض مجمع الدفاع بسفارة مصر — الحي الدبلوماسي 2024"
EMB-10-3,الأعمال التخصصية والإكسسوارات,موزع صابون اوتوماتيكي بدون لمس مع قاعدة مضادة للماء ومستشعر يعمل بالاشعة تحت الحمراء من الفولاذ المقاوم للصدأ - ومستشعر تلقائي للصابون للحمامات الخاصة,بالعدد,900.0,Touchless automatic soap dispenser with a waterproof base and infrared | مصدر: عرض مجمع الدفاع بسفارة مصر — الحي الدبلوماسي 2024
EMB-10-4,الأعمال التخصصية والإكسسوارات,حامل محارم من الاستانلستيل تركب بجوار المراحيض تركب بحمامات الضيوف وحسب توصية المهندس المشرف وإعتماد المالك,بالعدد,243.0,Stainless steel tissue holder to be installed next to the toilets | مصدر: عرض مجمع الدفاع بسفارة مصر — الحي الدبلوماسي 2024
EMB-10-5,الأعمال التخصصية والإكسسوارات,حامل مناشف من الفولاذ المقاوم للصدأ للحمام، مثبت على الحائط وحسب توصية المهندس المشرف وإعتماد المالك,بالعدد,200.0,"1pc Stainless Steel Towel Bar, Towel Rack For Bathroom, Wall Mounted T | مصدر: عرض مجمع الدفاع بسفارة مصر — الحي الدبلوماسي 2024"
EMB-10-6,الأعمال التخصصية والإكسسوارات,علاقة ملابس مفردة من الاستانلستيل,بالعدد,90.0,Bath ceramic robe holder | مصدر: عرض مجمع الدفاع بسفارة مصر — الحي الدبلوماسي 2024
EMB-10-7,الأعمال التخصصية والإكسسوارات,توريد وتركيب مرآة نوع بلجيكي من الزجاج المقسي الشفاف ذات إطار من الفولاذ المقاوم للصدأ بسمك 6 مم، بما في ذلك جميع ملحقات التثبيت والسعر يشمل اضاءة ليد,م2,423.0,Supply and installation of a Belgian mirror made of clear tempered gla | مصدر: عرض مجمع الدفاع بسفارة مصر — الحي الدبلوماسي 2024
EMB-10-8,الأعمال التخصصية والإكسسوارات,توريد وتركيب كاونترات وحدات كاملة بالحوض من الرخام الطبيعي لاحواض الغسيل الفردية بأبعاد حسب الطول وبعرض 500مم و ارتفاع 250 مم وواجهة بسمك 20 مم وارتفا,بالعدد,4000.0,Supply and installation of complete counter units with sinks made of n | مصدر: عرض مجمع الدفاع بسفارة مصر — الحي الدبلوماسي 2024
EMB-10-9,الأعمال التخصصية والإكسسوارات,توريد وتركيب كاونتر من الرخام الصناعي ( كوريان ) لاخواض الغسيل بارتفاع 50 مم وواجهة بسمك 20 مم، بما في ذلك إطار من الفولاذ المجلفن مع دعامة من الخشب ا,م.ط,597.0,Supply and installArtificial marble (Corian) vanity counter with 50mm  | مصدر: عرض مجمع الدفاع بسفارة مصر — الحي الدبلوماسي 2024
EMB-10-10,الأعمال التخصصية والإكسسوارات,دواليب مطبخ علوية مصنوع من خشب MDF مغلف مع طبقة نهائية مقاومة للرطوبة. الأبعاد: حسب التصميم والمخططات المطلوبة (يتم تحديد الأبعاد بناءً على المساحة ال,م.ط,1000.0,"Upper kitchen cabinets made of MDF wood, coated with a moisture-resist | مصدر: عرض مجمع الدفاع بسفارة مصر — الحي الدبلوماسي 2024"
EMB-10-11,الأعمال التخصصية والإكسسوارات,دواليب مطبخ سفلية مصنوع من خشب MDF مغلف مع طبقة نهائية مقاومة للرطوبة مع رخام صناعي بكامل طول الوحدة. الأبعاد: حسب التصميم والمخططات المطلوبة (يتم تحد,م.ط,1500.0,"Lower kitchen cabinets made of MDF wood, coated with a moisture-resist | مصدر: عرض مجمع الدفاع بسفارة مصر — الحي الدبلوماسي 2024"
EMB-15-1,الأعمال الميكانيكية والصحية,قطر 25 ملم,م.ط,50.0,diameter 25 mm. | مصدر: عرض مجمع الدفاع بسفارة مصر — الحي الدبلوماسي 2024
EMB-15-2,الأعمال الميكانيكية والصحية,قطر 32 ملم,م.ط,47.0,diameter 32 mm. | مصدر: عرض مجمع الدفاع بسفارة مصر — الحي الدبلوماسي 2024
EMB-15-3,الأعمال الميكانيكية والصحية,قطر 40 ملم,م.ط,84.0,diameter 40 mm. | مصدر: عرض مجمع الدفاع بسفارة مصر — الحي الدبلوماسي 2024
EMB-15-4,الأعمال الميكانيكية والصحية,كالبند السابق قطر 40 ملم Dia40 mm,م.ط,50.0,"As the previous item, diameter 40 mm | مصدر: عرض مجمع الدفاع بسفارة مصر — الحي الدبلوماسي 2024"
EMB-15-5,الأعمال الميكانيكية والصحية,كالبند السابق قطر 50 ملم Dia50 mm,م.ط,60.0,"As the previous item, diameter 50 mm | مصدر: عرض مجمع الدفاع بسفارة مصر — الحي الدبلوماسي 2024"
EMB-15-6,الأعمال الميكانيكية والصحية,كالبند السابق قطر 63 ملم Dia 63 mm,م.ط,70.0,"As the previous item, diameter 63 mm | مصدر: عرض مجمع الدفاع بسفارة مصر — الحي الدبلوماسي 2024"
EMB-15-7,الأعمال الميكانيكية والصحية,كالبند السابق Pressure Reducing Valves قطر 40 مم,بالعدد,500.0,As previous item Pressure Reducing Valves 40 mm diameter | مصدر: عرض مجمع الدفاع بسفارة مصر — الحي الدبلوماسي 2024
EMB-15-8,الأعمال الميكانيكية والصحية,كالبند السابق Pressure Reducing Valves قطر 32 مم,بالعدد,415.0,As previous item Pressure Reducing Valves 32 mm diameter | مصدر: عرض مجمع الدفاع بسفارة مصر — الحي الدبلوماسي 2024
EMB-15-9,الأعمال الميكانيكية والصحية,كالبند السابق قطر 25 ملم Dia 25 mm,م.ط,47.0,"As the previous item, diameter 25 mm | مصدر: عرض مجمع الدفاع بسفارة مصر — الحي الدبلوماسي 2024"
EMB-15-10,الأعمال الميكانيكية والصحية,كالبند السابق قطر 32 ملم Dia 32 mm,م.ط,56.0,"As the previous item, diameter 32 mm | مصدر: عرض مجمع الدفاع بسفارة مصر — الحي الدبلوماسي 2024"
EMB-15-11,الأعمال الميكانيكية والصحية,كالبند السابق قطر 40 ملم Dia 40 mm,م.ط,85.0,"As the previous item, diameter 40 mm | مصدر: عرض مجمع الدفاع بسفارة مصر — الحي الدبلوماسي 2024"
EMB-15-12,الأعمال الميكانيكية والصحية,قطر 25 ملم,بالعدد,100.0,diameter 25 mm. | مصدر: عرض مجمع الدفاع بسفارة مصر — الحي الدبلوماسي 2024
EMB-15-13,الأعمال الميكانيكية والصحية,قطر 32 ملم,بالعدد,122.0,diameter 32 mm. | مصدر: عرض مجمع الدفاع بسفارة مصر — الحي الدبلوماسي 2024
EMB-15-14,الأعمال الميكانيكية والصحية,قطر 40 ملم,بالعدد,141.0,diameter 40 mm. | مصدر: عرض مجمع الدفاع بسفارة مصر — الحي الدبلوماسي 2024
EMB-15-15,الأعمال الميكانيكية والصحية,قطر 150 ملم mm,م.ط,180.0,Diameter 150 mm | مصدر: عرض مجمع الدفاع بسفارة مصر — الحي الدبلوماسي 2024
EMB-15-16,الأعمال الميكانيكية والصحية,قطر 110 ملم mm,م.ط,150.0,Diameter 110 mm | مصدر: عرض مجمع الدفاع بسفارة مصر — الحي الدبلوماسي 2024
EMB-15-17,الأعمال الميكانيكية والصحية,قطر 75 ملم mm,م.ط,95.0,Diameter 75 mm | مصدر: عرض مجمع الدفاع بسفارة مصر — الحي الدبلوماسي 2024
EMB-15-18,الأعمال الميكانيكية والصحية,قطر 50 ملم mm,م.ط,70.0,Diameter 50 mm | مصدر: عرض مجمع الدفاع بسفارة مصر — الحي الدبلوماسي 2024
EMB-15-19,الأعمال الميكانيكية والصحية,قطر 110 ملم mm ماسورة طرد المضخة الغاطسة (UPVC) class 5,م.ط,150.0,Diameter110 mm Forced Flow Pipe (UPVC) class 5 | مصدر: عرض مجمع الدفاع بسفارة مصر — الحي الدبلوماسي 2024
EMB-15-20,الأعمال الميكانيكية والصحية,قطر 300 ملم mm ماسورة صرف المطر (UPVC) class 3 - ماسورة أرضية لربط صرف المطر مع خزان المياه الرمادية,م.ط,350.0,Diameter300 mm Storm Flow Pipe (UPVC) class 3 | مصدر: عرض مجمع الدفاع بسفارة مصر — الحي الدبلوماسي 2024
EMB-15-21,الأعمال الميكانيكية والصحية,قطر 300 ملم ضبة تنظيف (اتجاه واحد),بالعدد,500.0,Diameter 300 mm Cleanout (One-Way) | مصدر: عرض مجمع الدفاع بسفارة مصر — الحي الدبلوماسي 2024
EMB-15-22,الأعمال الميكانيكية والصحية,توريد وتركيب تركيب storm gutter drain بعرض 150 ملم ، لتجميع وتصريف مياه الأمطار من الأسطح والمناطق المرتفعة إلى شبكة الصرف، ويشمل ذلك التثبيت المناسب ,م.ط,700.0,Supply and install a 150 mm wide storm gutter drain to collect and dis | مصدر: عرض مجمع الدفاع بسفارة مصر — الحي الدبلوماسي 2024
EMB-15-23,الأعمال الميكانيكية والصحية,توريد وتركيب واختبار جرجوري لصرف مياه الأمطار علي السطح من الحديد الزهر قطر 110مم كاملة بقطع التوصيل والملحقات اللازمة وذلك طبقاً للمواصفات والمخططات ,بالعدد,1000.0,"Supply,installation, and test of drain rainwater from roof diameter 11 | مصدر: عرض مجمع الدفاع بسفارة مصر — الحي الدبلوماسي 2024"
EMB-15-24,الأعمال الميكانيكية والصحية,بالعدد توريد وتركيب واختبار صفايات ارضية مصنعة من الالومنيوم تُشطب بتشطيب الارضية بمقاس 20x20 سم والسعر يشمل (P-TRAP) وجميع التجهيزات و الوصلات و الأك,بالعدد,300.0,"Supply, installation, testing and operation of floor drain made of alu | مصدر: عرض مجمع الدفاع بسفارة مصر — الحي الدبلوماسي 2024"
EMB-15-25,الأعمال الميكانيكية والصحية,بالعدد توريد وتركيب واختبار وتشغيل فتحة تنظيف أرضيه(طبة تسليك) قطر 110 مم مصنعة من الالومنيوم تشطب بتشطيب الارضية بمقاس 20x20 سم واكمال العمل حسب المخ,بالعدد,300.0,"Supply installing, testing and operating a floor cleaning hole (plumbi | مصدر: عرض مجمع الدفاع بسفارة مصر — الحي الدبلوماسي 2024"
EMB-15-26,الأعمال الميكانيكية والصحية,بالعدد توريد وتركيب مصيدة الزيوت من البلاستيك مقاس 60سم×60سم كامل بجميع مشتملاته والبند يشمل الغطاء البلاستيك كما يشمل التوصيل الى اقرب غرفة تفتيش طبق,بالعدد,1500.0,The supply and installation of grease separator of plastic size 60 cm× | مصدر: عرض مجمع الدفاع بسفارة مصر — الحي الدبلوماسي 2024
EMB-15-27,الأعمال الميكانيكية والصحية,توريد وتركيب كرسي أفرنجي من النوع الذي يثبت على الحائط مع شطاف اتوماتيك و صندوق طرد مخفي بالجدار ونظام الطرد يعمل عن طريق الاستشعار عن بعد و اليدوي عل,بالعدد,6110.0,Supply and installation of a chair of the type that is installed on th | مصدر: عرض مجمع الدفاع بسفارة مصر — الحي الدبلوماسي 2024
EMB-15-28,الأعمال الميكانيكية والصحية,توريد وتركيب كرسي أفرنجي من النوع الذي يثبت على الحائط مع شطاف اتوماتيك و صندوق طرد مخفي بالجدار ونظام الطرد يعمل عن طريق الاستشعار عن بعد و اليدوي عل,بالعدد,6110.0,Supply and installation of a chair of the type that is installed on th | مصدر: عرض مجمع الدفاع بسفارة مصر — الحي الدبلوماسي 2024
EMB-15-29,الأعمال الميكانيكية والصحية,توريد وتركيب كرسي أفرنجي من النوع الذي يثبت على الحائط مع شطاف اتوماتيك و صندوق طرد مخفي بالجدار ونظام الطرد يعمل عن طريق الاستشعار عن بعد و اليدوي عل,بالعدد,6110.0,Supply and installation of a chair of the type that is installed on th | مصدر: عرض مجمع الدفاع بسفارة مصر — الحي الدبلوماسي 2024
EMB-15-30,الأعمال الميكانيكية والصحية,توريد وتركيب كرسي أفرنجي من النوع الذي يثبت على الحائط مع شطاف اتوماتيك و صندوق طرد مخفي بالجدار ونظام الطرد يعمل عن طريق الاستشعار عن بعد و اليدوي عل,بالعدد,6110.0,Supply and installation of a chair of the type that is installed on th | مصدر: عرض مجمع الدفاع بسفارة مصر — الحي الدبلوماسي 2024
EMB-15-31,الأعمال الميكانيكية والصحية,توريد وتركيب كرسي أفرنجي من النوع الذي يثبت على الحائط مع شطاف و صندوق طرد مخفي بالجدار ونظام الطرد يعمل عن طريق الاستشعار عن بعد و اليدوي على ان تعتم,بالعدد,6110.0,Supply and installation of a chair of the type that is installed on th | مصدر: عرض مجمع الدفاع بسفارة مصر — الحي الدبلوماسي 2024
EMB-15-32,الأعمال الميكانيكية والصحية,توريد وتركيب خلاطات سمارت حار بارد خاصة بالمغاسل وتعمل عن طريق الاستشعار عن بعد على أن تعتمد العينات من أجود الماركات قبل التركيب وكل ما يلزم لإنهاء ا,بالعدد,2600.0,Supply and installation of hot and cold smart mixers for laundries and | مصدر: عرض مجمع الدفاع بسفارة مصر — الحي الدبلوماسي 2024
EMB-15-33,الأعمال الميكانيكية والصحية,توريد وتركيب خلاطات سمارت حار بارد خاصة بالمغاسل وتعمل عن طريق الاستشعار عن بعد على أن تعتمد العينات من أجود الماركات قبل التركيب وكل ما يلزم لإنهاء ا,بالعدد,2600.0,Supply and installation of hot and cold smart mixers for laundries and | مصدر: عرض مجمع الدفاع بسفارة مصر — الحي الدبلوماسي 2024
EMB-15-34,الأعمال الميكانيكية والصحية,توريد وتركيب خلاطات سمارت حار بارد خاصة بالمغاسل وتعمل عن طريق الاستشعار عن بعد على أن تعتمد العينات من أجود الماركات قبل التركيب وكل ما يلزم لإنهاء ا,بالعدد,2500.0,Supply and installation of hot and cold smart mixers for laundries and | مصدر: عرض مجمع الدفاع بسفارة مصر — الحي الدبلوماسي 2024
EMB-15-35,الأعمال الميكانيكية والصحية,توريد وتركيب خلاطات سمارت حار بارد خاصة بالمغاسل وتعمل عن طريق الاستشعار عن بعد على أن تعتمد العينات من أجود الماركات قبل التركيب وكل ما يلزم لإنهاء ا,بالعدد,2500.0,Supply and installation of hot and cold smart mixers for laundries and | مصدر: عرض مجمع الدفاع بسفارة مصر — الحي الدبلوماسي 2024
EMB-15-36,الأعمال الميكانيكية والصحية,"حلة حوض مطبخ من أفخر الأنواع من الاستانلس استيل 304 بجميع ملحقاته من محابس عزل , الهراب , مصائد , الوصلات المرنة ....الخ وكل ما يلزم لأكمال العمل حسب ",بالعدد,1410.0,"kitchen sink stainless steel 304 with two open and all accessories, in | مصدر: عرض مجمع الدفاع بسفارة مصر — الحي الدبلوماسي 2024"
EMB-15-37,الأعمال الميكانيكية والصحية,توريد وتركيب خلاط المغاسل وجميع المستلزمات من ( صفاية و .... الخ) لحمامات الغرف طبقا للمخططات و المواصفات والسعر يشمل جميع التجهيزات و الوصلات و الأكس,بالعدد,1128.0,Supply and installation of a wash basine mixer and all the supplies (s | مصدر: عرض مجمع الدفاع بسفارة مصر — الحي الدبلوماسي 2024
EMB-15-38,الأعمال الميكانيكية والصحية,بالعدد توريد وتركيب وفحص واختبار خلاط لحوض المطبخ حار بارد مطلى بالكروم وجميع ما يلزم لإنهاء الأعمال على الوجه الأكمل حسب المخططات و المواصفات المطلوب,بالعدد,1128.0,"Supply and installation, inspecting and testing a hot and cold chrome  | مصدر: عرض مجمع الدفاع بسفارة مصر — الحي الدبلوماسي 2024"
EMB-15-39,الأعمال الميكانيكية والصحية,مجموعة خلاط دش مخفي مع صمام خلاط دش ثلاثي الاتجاه على أن تعتمد العينات من أجود الماركات قبل التركيب وكل .ما يلزم لإنهاء العمل على أكمل وجه حسب المواصف,بالعدد,2200.0,Hidden shower mixer set with three-way shower mixer valve Samples of t | مصدر: عرض مجمع الدفاع بسفارة مصر — الحي الدبلوماسي 2024
EMB-15-40,الأعمال الميكانيكية والصحية,توريد وتركيب وتشغيل واختبار سخان مركزي من نوع ( THERMO DYNAMIC SOLAR SYSTEM ) ( DOUBLE HEAT EXCHANGER ) بقدرة 500 L والبند يشمل المحابس والتوصيلات الص,بالعدد,25000.0,"Supply, installation, operation and testing of a central heater of the | مصدر: عرض مجمع الدفاع بسفارة مصر — الحي الدبلوماسي 2024"
EMB-15-41,الأعمال الميكانيكية والصحية,"توريد وتركيب وتشغيل وأختبار أنظمة فلترة المياه الرمادية ثلاثية المراحل(المنقي, الكربون المنشط وفلتر الرمل متعدد الدرجات) وتعقيم وبسعة 50 جالون فى الدق",بالعدد,300000.0,"Supply, installation, operation and testing of filtration GREY WATER a | مصدر: عرض مجمع الدفاع بسفارة مصر — الحي الدبلوماسي 2024"
EMB-15-42,الأعمال الميكانيكية والصحية,سخان كهربائى سعه 30 لتر (لحمام غرفة الامن فى مبنى الخدمات ),بالعدد,1000.0,Electric heater capacity 30 liters ( security room toilet in service b | مصدر: عرض مجمع الدفاع بسفارة مصر — الحي الدبلوماسي 2024
EMB-15-43,الأعمال الميكانيكية والصحية,توريد وتركيب و تشغيل منظومة مضخات لدفع الماء (اثنان فى الخدمه و واحده احتياطي) تركب بالغرفة المكيانيكية لدفع الماء داخل المبنى بمعدل تدفق 45 جالون بال,بالعدد,42300.0,"Supply, installation and operation of a water pump system (two in serv | مصدر: عرض مجمع الدفاع بسفارة مصر — الحي الدبلوماسي 2024"
EMB-15-44,الأعمال الميكانيكية والصحية,توريد وتركيب و تشغيل منظومة مضخات لدفع المياه الرمادية (اثنان فى الخدمه و واحده احتياطي) تركب بالغرفة المكيانيكية لدفع الماء داخل المبنى بمعدل تدفق 20,بالعدد,15000.0,"Supply, installation and operation of a Gery water pump system (two in | مصدر: عرض مجمع الدفاع بسفارة مصر — الحي الدبلوماسي 2024"
EMB-15-45,الأعمال الميكانيكية والصحية,توريد وتركيب وتشغيل مضختين غاطسة بسعة تدفق15GPM تعمل بالتبادل و ضغط1.5 بار مع كامل الملحقات من محابس و لوحة تحكم و خلافه .و يتم التصريف علي اقرب مانهو,بالعدد,20000.0,"Supply, installation and operation of two submersible pumps with a flo | مصدر: عرض مجمع الدفاع بسفارة مصر — الحي الدبلوماسي 2024"
EMB-15-46,الأعمال الميكانيكية والصحية,محبس عوامة (Float switch ) بقطر 32 مم,بالعدد,470.0,Float switch with a diameter of 32 mm | مصدر: عرض مجمع الدفاع بسفارة مصر — الحي الدبلوماسي 2024
EMB-15-47,الأعمال الميكانيكية والصحية,نقطة ملئ بغطاء للناقلات بقطر 110 مم,بالعدد,2000.0,Filling truck point with cap with a diameter of110 mm | مصدر: عرض مجمع الدفاع بسفارة مصر — الحي الدبلوماسي 2024
EMB-15-48,الأعمال الميكانيكية والصحية,توريد وتركيب واختبار مجموعة مضخات للمسبح (swimming pool) ممكونة من (2 مضخة) (واحد تعمل والثانية احتياطي ) مع صمامات التحكم ولوحة التحكم وأن تكون المجم,بالعدد,100000.0,Water supply pumps: Supply and installation of a set of (swimming pool | مصدر: عرض مجمع الدفاع بسفارة مصر — الحي الدبلوماسي 2024
EMB-15-49,الأعمال الميكانيكية والصحية,قطر 25 ملم,م.ط,35.0,Diameter 25 mm | مصدر: عرض مجمع الدفاع بسفارة مصر — الحي الدبلوماسي 2024
EMB-15-50,الأعمال الميكانيكية والصحية,قطر 32 ملم,م.ط,48.0,Diameter 32 mm | مصدر: عرض مجمع الدفاع بسفارة مصر — الحي الدبلوماسي 2024
EMB-15-51,الأعمال الميكانيكية والصحية,قطر 40 ملم,م.ط,60.0,Diameter40 mm | مصدر: عرض مجمع الدفاع بسفارة مصر — الحي الدبلوماسي 2024
EMB-15-52,الأعمال الميكانيكية والصحية,قطر 50 ملم,م.ط,71.0,Diameter 50 mm | مصدر: عرض مجمع الدفاع بسفارة مصر — الحي الدبلوماسي 2024
EMB-15-53,الأعمال الميكانيكية والصحية,قطر 63 ملم,م.ط,95.0,Diameter 63mm | مصدر: عرض مجمع الدفاع بسفارة مصر — الحي الدبلوماسي 2024
EMB-15-54,الأعمال الميكانيكية والصحية,قطر 80 ملم,م.ط,119.0,Diameter80 mm | مصدر: عرض مجمع الدفاع بسفارة مصر — الحي الدبلوماسي 2024
EMB-15-55,الأعمال الميكانيكية والصحية,قطر 80مم,بالعدد,1000.0,Diameter 80 mm | مصدر: عرض مجمع الدفاع بسفارة مصر — الحي الدبلوماسي 2024
EMB-15-56,الأعمال الميكانيكية والصحية,توريد وتركيب و تشغيل منظومة مضخات لدفع المياه الري (اثنان فى الخدمه و واحده احتياطي) تركب بالغرفة المكيانيكية لدفع الماء للمناطق الخضراء و الاشجار بمع,بالعدد,20000.0,"Supply, installation and operation of a irrigation water pump system ( | مصدر: عرض مجمع الدفاع بسفارة مصر — الحي الدبلوماسي 2024"
EMB-15-57,الأعمال الميكانيكية والصحية,200 mm diameter,م.ط,150.0,200 mm diameter | مصدر: عرض مجمع الدفاع بسفارة مصر — الحي الدبلوماسي 2024
EMB-15-58,الأعمال الميكانيكية والصحية,( منقطات ) 40 mm diameter,بالعدد,1500.0,( DRIP )40 mm diameter | مصدر: عرض مجمع الدفاع بسفارة مصر — الحي الدبلوماسي 2024
EMB-15-59,الأعمال الميكانيكية والصحية,(البخاخات )40 mm diameter,بالعدد,1500.0,( BUBBLER )40 mm diameter | مصدر: عرض مجمع الدفاع بسفارة مصر — الحي الدبلوماسي 2024
EMB-15-60,الأعمال الميكانيكية والصحية,16 mm diameter,م.ط,18.0,16 mm diameter | مصدر: عرض مجمع الدفاع بسفارة مصر — الحي الدبلوماسي 2024
EMB-15-61,الأعمال الميكانيكية والصحية,3.8 liters per hour,بالعدد,25.0,3.8 liters per hour | مصدر: عرض مجمع الدفاع بسفارة مصر — الحي الدبلوماسي 2024
EMB-15-62,الأعمال الميكانيكية والصحية,1.9 liters per minute,بالعدد,35.0,1.9 liters per minute | مصدر: عرض مجمع الدفاع بسفارة مصر — الحي الدبلوماسي 2024
EMB-15-63,الأعمال الميكانيكية والصحية,توريد وتركيب رشاشة بمساحة تغطية نصف قطر 1.5 متر تدور مع التحكم في زاوية الرش (90 º)شاملاً كافة التجهيزات للتوصيل بالخط الرئيسي والفرعي حسب المواصفات و,بالعدد,94.0,Supply and installation of sprayer with a coverage area of 1.5 meters  | مصدر: عرض مجمع الدفاع بسفارة مصر — الحي الدبلوماسي 2024
EMB-15-64,الأعمال الميكانيكية والصحية,توريد وتركيب كابلات كهربية لتوصيلات صمامات التحكم مقاس 14 و البند يشمل توصيل المحابس حتى لوحة التحكم و كل ما يلزم من الملحقات وفقا للرسومات، المواصفات,م.ط,12.0,Supply and installation of electrical cables to the solenoid valves si | مصدر: عرض مجمع الدفاع بسفارة مصر — الحي الدبلوماسي 2024
EMB-15-65,الأعمال الميكانيكية والصحية,توريد وتركيب كابلات كهربية لتوصيلات صمامات التحكم مقاس 12 AWG و البند يشمل توصيل المحابس حتى لوحة التحكم و كل ما يلزم من الملحقات وفقا للرسومات، الموا,م.ط,12.0,Supply and installation of electrical cables to the solenoid valves si | مصدر: عرض مجمع الدفاع بسفارة مصر — الحي الدبلوماسي 2024
EMB-15-66,الأعمال الميكانيكية والصحية,توريد وتركيب لوحة تحكم اتوماتيكية 36 خط و البند يشمل كامل القطع والتوصيلات والاسلاك لتوصيل المحابس باللوحة والتشغيل والاختبار ومايلزم من حساسات و كل م,بالعدد,11750.0,The supply and installation of automated control center 36 sub-station | مصدر: عرض مجمع الدفاع بسفارة مصر — الحي الدبلوماسي 2024
EMB-15-67,الأعمال الميكانيكية والصحية,"مجاري فولاذية مجلفنة لمكيف الهواء والعادم والهواء النقي مع جميع الخرزات والوصلات ومخفضات السرعة كما هو محدد وكما هو موضح في الرسومات""",كجم,37.0,":GI Duct Galvanized steel ducting for AC, Exhaust and Fresh air with a | مصدر: عرض مجمع الدفاع بسفارة مصر — الحي الدبلوماسي 2024"
EMB-15-68,الأعمال الميكانيكية والصحية,توريد وتركيب عزل لمجاري الهواء 24كجم/م3 بسماكة 1 بوصة,م2,25.0,Supply and install duct insulation 24kg/m3 with thickness 1inch | مصدر: عرض مجمع الدفاع بسفارة مصر — الحي الدبلوماسي 2024
EMB-15-69,الأعمال الميكانيكية والصحية,Supply Air Linear Slot Diffuser Slots No = 3 slots,م.ط,400.0,Supply Air Linear Slot Diffuser Slots No = 3 slots | مصدر: عرض مجمع الدفاع بسفارة مصر — الحي الدبلوماسي 2024
EMB-15-70,الأعمال الميكانيكية والصحية,Supply Air Linear Slot Diffuser Slots No= 4 slots,م.ط,400.0,Supply Air Linear Slot Diffuser Slots No= 4 slots | مصدر: عرض مجمع الدفاع بسفارة مصر — الحي الدبلوماسي 2024
EMB-15-71,الأعمال الميكانيكية والصحية,Supply Linear Bar Air Grille 1500 mm X 150 mm,بالعدد,400.0,Supply Linear Bar Air Grille 1500 mm X 150 mm | مصدر: عرض مجمع الدفاع بسفارة مصر — الحي الدبلوماسي 2024
EMB-15-72,الأعمال الميكانيكية والصحية,Supply Linear Bar Air Grille 2000 mm X 150 mm,بالعدد,448.0,Supply Linear Bar Air Grille 2000 mm X 150 mm | مصدر: عرض مجمع الدفاع بسفارة مصر — الحي الدبلوماسي 2024
EMB-15-73,الأعمال الميكانيكية والصحية,Supply Linear Bar Air Grille 3000 mm X 150 mm,بالعدد,650.0,Supply Linear Bar Air Grille 3000 mm X 150 mm | مصدر: عرض مجمع الدفاع بسفارة مصر — الحي الدبلوماسي 2024
EMB-15-74,الأعمال الميكانيكية والصحية,Supply Linear Bar Air Grille 3500 mm X 150 mm,بالعدد,706.0,Supply Linear Bar Air Grille 3500 mm X 150 mm | مصدر: عرض مجمع الدفاع بسفارة مصر — الحي الدبلوماسي 2024
EMB-15-75,الأعمال الميكانيكية والصحية,Supply Linear Bar Air Grille 4500 mm X 150 mm,بالعدد,780.0,Supply Linear Bar Air Grille 4500 mm X 150 mm | مصدر: عرض مجمع الدفاع بسفارة مصر — الحي الدبلوماسي 2024
EMB-15-76,الأعمال الميكانيكية والصحية,Fresh Air Sand Trap Louver 400x300 mm,بالعدد,500.0,Fresh Air Sand Trap Louver 400x300 mm | مصدر: عرض مجمع الدفاع بسفارة مصر — الحي الدبلوماسي 2024
EMB-15-77,الأعمال الميكانيكية والصحية,Fresh Air Sand Trap Louver 500x300 mm,بالعدد,500.0,Fresh Air Sand Trap Louver 500x300 mm | مصدر: عرض مجمع الدفاع بسفارة مصر — الحي الدبلوماسي 2024
EMB-15-78,الأعمال الميكانيكية والصحية,Gravity Shutter 300x300 mm,بالعدد,400.0,Gravity Shutter 300x300 mm | مصدر: عرض مجمع الدفاع بسفارة مصر — الحي الدبلوماسي 2024
EMB-15-79,الأعمال الميكانيكية والصحية,Return Air Linear Slot Diffuser Slots No = 3 slots,م.ط,300.0,Return Air Linear Slot Diffuser Slots No = 3 slots | مصدر: عرض مجمع الدفاع بسفارة مصر — الحي الدبلوماسي 2024
EMB-15-80,الأعمال الميكانيكية والصحية,Return Air Linear Slot Diffuser Slots No = 4 slots,م.ط,300.0,Return Air Linear Slot Diffuser Slots No = 4 slots | مصدر: عرض مجمع الدفاع بسفارة مصر — الحي الدبلوماسي 2024
EMB-15-81,الأعمال الميكانيكية والصحية,Return Linear Bar Air Grille 1500 mm X 150 mm,بالعدد,300.0,Return Linear Bar Air Grille 1500 mm X 150 mm | مصدر: عرض مجمع الدفاع بسفارة مصر — الحي الدبلوماسي 2024
EMB-15-82,الأعمال الميكانيكية والصحية,Return Linear Bar Air Grille 2000 mm X 150 mm,بالعدد,358.0,Return Linear Bar Air Grille 2000 mm X 150 mm | مصدر: عرض مجمع الدفاع بسفارة مصر — الحي الدبلوماسي 2024
EMB-15-83,الأعمال الميكانيكية والصحية,Return Linear Bar Air Grille 3000 mm X 150 mm,بالعدد,526.0,Return Linear Bar Air Grille 3000 mm X 150 mm | مصدر: عرض مجمع الدفاع بسفارة مصر — الحي الدبلوماسي 2024
EMB-15-84,الأعمال الميكانيكية والصحية,Return Linear Bar Air Grille 3500 mm X 150 mm,بالعدد,624.0,Return Linear Bar Air Grille 3500 mm X 150 mm | مصدر: عرض مجمع الدفاع بسفارة مصر — الحي الدبلوماسي 2024
EMB-15-85,الأعمال الميكانيكية والصحية,Return Linear Bar Air Grille 4500 mm X 150 mm,بالعدد,676.0,Return Linear Bar Air Grille 4500 mm X 150 mm | مصدر: عرض مجمع الدفاع بسفارة مصر — الحي الدبلوماسي 2024
EMB-15-86,الأعمال الميكانيكية والصحية,Exhaust Air louver 200x150mm,بالعدد,300.0,Exhaust Air louver 200x150mm | مصدر: عرض مجمع الدفاع بسفارة مصر — الحي الدبلوماسي 2024
EMB-15-87,الأعمال الميكانيكية والصحية,Exhaust Air louver 250x150mm,بالعدد,300.0,Exhaust Air louver 250x150mm | مصدر: عرض مجمع الدفاع بسفارة مصر — الحي الدبلوماسي 2024
EMB-15-88,الأعمال الميكانيكية والصحية,Exhaust Air louver 400x300mm,بالعدد,300.0,Exhaust Air louver 400x300mm | مصدر: عرض مجمع الدفاع بسفارة مصر — الحي الدبلوماسي 2024
EMB-15-89,الأعمال الميكانيكية والصحية,1.0 T.R @46 ࠬc,بالعدد,4000.0,1.0 T.R @46 ࠬc | مصدر: عرض مجمع الدفاع بسفارة مصر — الحي الدبلوماسي 2024
EMB-15-90,الأعمال الميكانيكية والصحية,1.5 T.R @46 ࠬc,بالعدد,5000.0,1.5 T.R @46 ࠬc | مصدر: عرض مجمع الدفاع بسفارة مصر — الحي الدبلوماسي 2024
EMB-15-91,الأعمال الميكانيكية والصحية,2.0 T.R @46 ࠬc,بالعدد,5452.0,2.0 T.R @46 ࠬc | مصدر: عرض مجمع الدفاع بسفارة مصر — الحي الدبلوماسي 2024
EMB-15-92,الأعمال الميكانيكية والصحية,2.5 T.R @ 46ࠬ c,بالعدد,6250.0,2.5 T.R @ 46ࠬ c | مصدر: عرض مجمع الدفاع بسفارة مصر — الحي الدبلوماسي 2024
EMB-15-93,الأعمال الميكانيكية والصحية,3.5 T.R @ 46ࠬ c,بالعدد,6392.0,3.5 T.R @ 46ࠬ c | مصدر: عرض مجمع الدفاع بسفارة مصر — الحي الدبلوماسي 2024
EMB-15-94,الأعمال الميكانيكية والصحية,4.0 T.R @ 46ࠬ c,بالعدد,6768.0,4.0 T.R @ 46ࠬ c | مصدر: عرض مجمع الدفاع بسفارة مصر — الحي الدبلوماسي 2024
EMB-15-95,الأعمال الميكانيكية والصحية,5.0 T.R @ 46ࠬ c,بالعدد,7500.0,5.0 T.R @ 46ࠬ c | مصدر: عرض مجمع الدفاع بسفارة مصر — الحي الدبلوماسي 2024
EMB-15-96,الأعمال الميكانيكية والصحية,وحدة الكاست 1.5 T.R @ 46ࠬ c,بالعدد,6000.0,Cassette Unit A/C type units ( 1.5 T.R) | مصدر: عرض مجمع الدفاع بسفارة مصر — الحي الدبلوماسي 2024
EMB-15-97,الأعمال الميكانيكية والصحية,HRV unit air flow 300 cfm @ cooling capacity 3.0 T.R,بالعدد,15000.0,HRV unit air flow 300 cfm @ cooling capacity 3.0 T.R | مصدر: عرض مجمع الدفاع بسفارة مصر — الحي الدبلوماسي 2024
EMB-15-98,الأعمال الميكانيكية والصحية,HRV unit air flow 420 cfm @ cooling capacity 3.0 T.R,بالعدد,17000.0,HRV unit air flow 420 cfm @ cooling capacity 3.0 T.R | مصدر: عرض مجمع الدفاع بسفارة مصر — الحي الدبلوماسي 2024
EMB-15-99,الأعمال الميكانيكية والصحية,وحدة خارجية بسعة 44 T.R فيلا الرئيسية,بالعدد,150000.0,Outdoor Unit VRF Type - 44 T.R@ 46ࠬc main villa building | مصدر: عرض مجمع الدفاع بسفارة مصر — الحي الدبلوماسي 2024
EMB-15-100,الأعمال الميكانيكية والصحية,وحدة خارجية بسعة 45 T.R مبنى المكتب,بالعدد,150000.0,Outdoor Unit VRF Type - 45 T.R@ 46ࠬc office building | مصدر: عرض مجمع الدفاع بسفارة مصر — الحي الدبلوماسي 2024
EMB-15-101,الأعمال الميكانيكية والصحية,وحدة خارجية بسعة 49 T.R فيلا-1 و فيلا-2,بالعدد,170000.0,Outdoor Unit VRF Type - 49 T.R@ 46ࠬc villa-1 and villa-2 | مصدر: عرض مجمع الدفاع بسفارة مصر — الحي الدبلوماسي 2024
EMB-15-102,الأعمال الميكانيكية والصحية,لمبنى الخدمات HI WALL MOUNTED A/C type units ( 12000 BTU/HR),بالعدد,5000.0,HI WALL MOUNTED A/C type units ( 12000 BTU/HR) for service building | مصدر: عرض مجمع الدفاع بسفارة مصر — الحي الدبلوماسي 2024
EMB-15-103,الأعمال الميكانيكية والصحية,لمبنى الخدماتHI WALL MOUNTED A/C type units ( 24000 BTU/HR),بالعدد,8000.0,HI WALL MOUNTED A/C type units ( 24000 BTU/HR) for service building | مصدر: عرض مجمع الدفاع بسفارة مصر — الحي الدبلوماسي 2024
EMB-15-104,الأعمال الميكانيكية والصحية,توريد وتركيب واختبار خط واحد من أنابيب النحاس (Mueller -USA) كاملة مع عزل مطاطي بسمك 3/4 بوصة (داخلي)، ودعامات الأنابيب، وحلقات خط الاتصال بين وحدات I,مقطوعية,150000.0,"Supply, Installation & Testing for Copper pipes single line, (Mueller  | مصدر: عرض مجمع الدفاع بسفارة مصر — الحي الدبلوماسي 2024"
EMB-15-105,الأعمال الميكانيكية والصحية,Ceiling Exhaust Fan - 80 CFM,بالعدد,825.0,Ceiling Exhaust Fan - 80 CFM | مصدر: عرض مجمع الدفاع بسفارة مصر — الحي الدبلوماسي 2024
EMB-15-106,الأعمال الميكانيكية والصحية,Ceiling Exhaust Fan - 100 CFM,بالعدد,975.0,Ceiling Exhaust Fan - 100 CFM | مصدر: عرض مجمع الدفاع بسفارة مصر — الحي الدبلوماسي 2024
EMB-15-107,الأعمال الميكانيكية والصحية,Ceiling Exhaust Fan - 150 CFM,بالعدد,1273.0,Ceiling Exhaust Fan - 150 CFM | مصدر: عرض مجمع الدفاع بسفارة مصر — الحي الدبلوماسي 2024
EMB-15-108,الأعمال الميكانيكية والصحية,Ceiling Exhaust Fan - 250 CFM,بالعدد,1490.0,Ceiling Exhaust Fan -250 CFM | مصدر: عرض مجمع الدفاع بسفارة مصر — الحي الدبلوماسي 2024
EMB-15-109,الأعمال الميكانيكية والصحية,توريد وتركيب وصيانة وتشغيل مجموعة مضخات مكونة من عدد 1 مضخة كهرباء ( HORIZONTAL Pump بقدرة 500 جالون/دقيقة وضغط8.5بار) و عدد 1 مضخة ديزل احتياطية (HOR,مقطوعية,300000.0,"Supply, installation, maintenance and operation of a set of pumps cons | مصدر: عرض مجمع الدفاع بسفارة مصر — الحي الدبلوماسي 2024"
EMB-15-110,الأعمال الميكانيكية والصحية,ماسورة حديد اسود قطر 200 مم,م.ط,680.0,"Black iron pipe, diameter 150 mm | مصدر: عرض مجمع الدفاع بسفارة مصر — الحي الدبلوماسي 2024"
EMB-15-111,الأعمال الميكانيكية والصحية,ماسورة حديد اسود قطر 50 مم,م.ط,160.0,"Black iron pipe, diameter 100 mm | مصدر: عرض مجمع الدفاع بسفارة مصر — الحي الدبلوماسي 2024"
EMB-15-112,الأعمال الميكانيكية والصحية,ماسورة حديد اسود قطر40 مم,م.ط,135.0,"Black iron pipe, diameter 50 mm | مصدر: عرض مجمع الدفاع بسفارة مصر — الحي الدبلوماسي 2024"
EMB-15-113,الأعمال الميكانيكية والصحية,ماسورة حديد اسود قطر32 مم,م.ط,100.0,"Black iron pipe, diameter 40 mm | مصدر: عرض مجمع الدفاع بسفارة مصر — الحي الدبلوماسي 2024"
EMB-15-114,الأعمال الميكانيكية والصحية,ماسورة حديد اسود قطر25 مم,م.ط,94.0,"Black iron pipe, diameter 32 mm | مصدر: عرض مجمع الدفاع بسفارة مصر — الحي الدبلوماسي 2024"
EMB-15-115,الأعمال الميكانيكية والصحية,محبس تحكم بالنطاق (داخلي) قطر 100 مم للشبكة الظاهرة (CZS),بالعدد,6250.0,Zone control valve (internal) 100 mm diameter visible mesh (CZS) | مصدر: عرض مجمع الدفاع بسفارة مصر — الحي الدبلوماسي 2024
EMB-15-116,الأعمال الميكانيكية والصحية,محبس تصريف و تننفيس الهواء اتوماتيكى (AAV),بالعدد,400.0,Automatic Air vent valve (AAV) | مصدر: عرض مجمع الدفاع بسفارة مصر — الحي الدبلوماسي 2024
EMB-15-117,الأعمال الميكانيكية والصحية,رشاشات من النوع (Pendant - Standard Response) مطلي بالكروم ذا فتحة (orifice) قطرها 1/2 بوصة × قلاووظ قطر 1/2 بوصة ومعامل K = 5.6 .ذا درجة حرارة 68 درج,بالعدد,50.0,"Pendant - Standard Response sprinklers, chrome-plated, with a 1/2 inch | مصدر: عرض مجمع الدفاع بسفارة مصر — الحي الدبلوماسي 2024"
EMB-15-118,الأعمال الميكانيكية والصحية,كالسابق ولكن من النوع (side wall Standard Response),بالعدد,66.0,"Same as before, but of the type (side wall Standard Response) | مصدر: عرض مجمع الدفاع بسفارة مصر — الحي الدبلوماسي 2024"
EMB-15-119,الأعمال الميكانيكية والصحية,كالسابق ولكن من النوع (high temperature -درجة الحرارة =120 درجة مئوية ),بالعدد,70.0,"As before, but of the type (high temperature - temperature = 120 degre | مصدر: عرض مجمع الدفاع بسفارة مصر — الحي الدبلوماسي 2024"
EMB-15-120,الأعمال الميكانيكية والصحية,"توريد و تركيب واختبار و تشغيل صندوق إطفاء حريق FHC CLASS II تركب داخل الجدار كامل بالخرطوم (مطاطي) بطول 30م وطفاية نوع ABC, شامل المحابس ومزودة بمحبس ",بالعدد,5000.0,"Supply, installation, testing and operation of an FHC CLASS II (Fire H | مصدر: عرض مجمع الدفاع بسفارة مصر — الحي الدبلوماسي 2024"
EMB-15-121,الأعمال الميكانيكية والصحية,بالعدد توريد وتركيب طفاية مكافحة الحريق بودرة ABC سعة 6 كجم والسعر يشمل صندوق من الاستانلس استيل 304 يركب بالجدار وجميع ما يلزم لإنهاء الأعمال على الو,بالعدد,300.0,"Supply and installation of ABC Fire extinguisher 6kg , The price inclu | مصدر: عرض مجمع الدفاع بسفارة مصر — الحي الدبلوماسي 2024"
EMB-15-122,الأعمال الميكانيكية والصحية,طفاية حريق جدارية معلقة فوم نوعية ( CO2 ) والعبوة سعه ( 6 كيلو ),بالعدد,350.0,Portable fire extinguisher (CO2) with a capacity of (6 kg) | مصدر: عرض مجمع الدفاع بسفارة مصر — الحي الدبلوماسي 2024
EMB-15-123,الأعمال الميكانيكية والصحية,طفاية حريق جدارية معلقة فوم نوعية ( FOAM ) والعبوة سعه ( 6 ليتر ),بالعدد,500.0,"Portable fire extinguisher, quality (FOAM), and the package has a capa | مصدر: عرض مجمع الدفاع بسفارة مصر — الحي الدبلوماسي 2024"
EMB-15-124,الأعمال الميكانيكية والصحية,توريــد وتركيب بطانيــة حريــق وجميع ما يلزم لانهاء البند طبقا للمخططات والمواصفات ومتطلبات الدفاع المدنــي.,بالعدد,227.0,Supply and installation of a fire blanket and everything necessary to  | مصدر: عرض مجمع الدفاع بسفارة مصر — الحي الدبلوماسي 2024
EMB-15-125,الأعمال الميكانيكية والصحية,ELECTRIC Room (NOVEC1230),كجم,700.0,ELECTRIC Room (NOVEC1230)- | مصدر: عرض مجمع الدفاع بسفارة مصر — الحي الدبلوماسي 2024
EMB-15-126,الأعمال الميكانيكية والصحية,توريد وتركيب واختبار وتشغيل مصاعد جر كهربائي كاملة عدد اشخاص ٦ أشخاص (450 Kg ) وسرعة ام / ث عدد الوقفات ٢ وقفة بدون غرفة مصاعد من أجود الانواع العالمي,بالعدد,250000.0,"Supply, installation, testing and operation of complete electric tract | مصدر: عرض مجمع الدفاع بسفارة مصر — الحي الدبلوماسي 2024"
EMB-15-127,الأعمال الميكانيكية والصحية,تصميم و توريد و تنفيذ شبكة صرف الأمطار و السيول للموقع العام و كذلك مياه الأمطار من الأسطح و تشمل الأعمال الأنابيب و المنهولات و الجرلات و الحفر و الر,مقطوعية,100000.0,"Design, supply, and installation of a rainwater and stormwater drainag | مصدر: عرض مجمع الدفاع بسفارة مصر — الحي الدبلوماسي 2024"
EMB-16-01,الأعمال الكهربائية والإنارة,لوحة كهرباء رئيسية طراز MDB قاطع رئيسي 630 أمبير وعدد 5 قواطع فرعية,بالعدد,42550.0,Low voltage main switchboard MDB with Main breaker630A and 5 branch ci | مصدر: عرض مجمع الدفاع بسفارة مصر — الحي الدبلوماسي 2024
EMB-16-02,الأعمال الكهربائية والإنارة,لوحة كهرباء رئيسية طرازEPB-AD قاطع رئيسي 200 أمبير وعدد 15 قواطع فرعية,بالعدد,22750.0,Low voltage main switchboard EPB-AD with Main breaker200A and 15 branc | مصدر: عرض مجمع الدفاع بسفارة مصر — الحي الدبلوماسي 2024
EMB-16-03,الأعمال الكهربائية والإنارة,DB-SERVICESلوحة كهرباء فرعية بقاطع رئيسي 150 أمبير طراز,بالعدد,11600.0,Panel Board No DB-SERVICES with Main breaker150 A | مصدر: عرض مجمع الدفاع بسفارة مصر — الحي الدبلوماسي 2024
EMB-16-04,الأعمال الكهربائية والإنارة,PB-MVGFلوحة كهرباء فرعية بقاطع رئيسي 40 أمبير طراز,بالعدد,4900.0,Panel Board No PB-MVGF with Main breaker40 A | مصدر: عرض مجمع الدفاع بسفارة مصر — الحي الدبلوماسي 2024
EMB-16-05,الأعمال الكهربائية والإنارة,PB-MVFFلوحة كهرباء فرعية بقاطع رئيسي 40 أمبير طراز,بالعدد,4900.0,Panel Board No PB-MVFF with Main breaker40 A | مصدر: عرض مجمع الدفاع بسفارة مصر — الحي الدبلوماسي 2024
EMB-16-06,الأعمال الكهربائية والإنارة,PB-V1GFلوحة كهرباء فرعية بقاطع رئيسي40 أمبير طراز,بالعدد,4900.0,Panel Board No PB-V1GF with Main breaker40 A | مصدر: عرض مجمع الدفاع بسفارة مصر — الحي الدبلوماسي 2024
EMB-16-07,الأعمال الكهربائية والإنارة,PB-V1FFلوحة كهرباء فرعية بقاطع رئيسي40 أمبير طراز,بالعدد,4900.0,Panel BoardS No PB-V1FF with Main breaker40 A | مصدر: عرض مجمع الدفاع بسفارة مصر — الحي الدبلوماسي 2024
EMB-16-08,الأعمال الكهربائية والإنارة,PB-V2GFلوحة كهرباء فرعية بقاطع رئيسي40 أمبير طراز,بالعدد,5000.0,Panel Board No PB-V2GF with Main breaker40 A | مصدر: عرض مجمع الدفاع بسفارة مصر — الحي الدبلوماسي 2024
EMB-16-09,الأعمال الكهربائية والإنارة,PB-V2FF لوحة كهرباء فرعية بقاطع رئيسي40 أمبير طراز,بالعدد,5125.0,Panel Board No PB-V2FF with Main breaker40 A | مصدر: عرض مجمع الدفاع بسفارة مصر — الحي الدبلوماسي 2024
EMB-16-10,الأعمال الكهربائية والإنارة,PB-ADGFلوحة كهرباء فرعية بقاطع رئيسي 40 أمبير طراز,بالعدد,5125.0,Panel Board No PB-ADGF with Main breaker40 A | مصدر: عرض مجمع الدفاع بسفارة مصر — الحي الدبلوماسي 2024
EMB-16-11,الأعمال الكهربائية والإنارة,PB-ADFFلوحة كهرباء فرعية بقاطع رئيسي 40 أمبير طراز,بالعدد,5125.0,Panel Board No PB-ADFF with Main breaker40 A | مصدر: عرض مجمع الدفاع بسفارة مصر — الحي الدبلوماسي 2024
EMB-16-12,الأعمال الكهربائية والإنارة,PB-MVلوحة كهرباء فرعية بقاطع رئيسي 150 أمبير طراز,بالعدد,7000.0,Panel Board No PB-MV with Main breaker150 A | مصدر: عرض مجمع الدفاع بسفارة مصر — الحي الدبلوماسي 2024
EMB-16-13,الأعمال الكهربائية والإنارة,PB-V1 لوحة كهرباء فرعية بقاطع رئيسي 150 أمبير طراز,بالعدد,6950.0,Panel Board No PB-V1 with Main breaker150 A | مصدر: عرض مجمع الدفاع بسفارة مصر — الحي الدبلوماسي 2024
EMB-16-14,الأعمال الكهربائية والإنارة,PB-V2 لوحة كهرباء فرعية بقاطع رئيسي 50 أمبير طراز,بالعدد,5125.0,Panel Board No PB-V2 with Main breaker50 A | مصدر: عرض مجمع الدفاع بسفارة مصر — الحي الدبلوماسي 2024
EMB-16-15,الأعمال الكهربائية والإنارة,PB-ADلوحة كهرباء فرعية بقاطع رئيسي 400 أمبير طراز,بالعدد,16500.0,Panel Board No PB-AD with Main breaker400 A | مصدر: عرض مجمع الدفاع بسفارة مصر — الحي الدبلوماسي 2024
EMB-16-16,الأعمال الكهربائية والإنارة,PB-UPSلوحة كهرباء فرعية بقاطع رئيسي 40 أمبير طراز,بالعدد,3200.0,Panel Board No PB-UPS with Main breaker40 A | مصدر: عرض مجمع الدفاع بسفارة مصر — الحي الدبلوماسي 2024
EMB-16-17,الأعمال الكهربائية والإنارة,كالبند السابق كابل نحاس معزول ومغلف مقاس 4x300mm²CU/XLPE/PVC+1X150mm²G,م.ط,849.0,DITTO INSULATED CUPPER CABLE SIZE 4x300mm²CU/XLPE/PVC+1X150mm²G | مصدر: عرض مجمع الدفاع بسفارة مصر — الحي الدبلوماسي 2024
EMB-16-18,الأعمال الكهربائية والإنارة,كالبند السابق كابل نحاس معزول ومغلف مقاس 2(4x240mm²CU/XLPE/PVC+1X120mm²G),م.ط,1000.0,DITTO INSULATED CUPPER CABLE SIZE 2(4x240mm²CU/XLPE/PVC+1X120mm²G) | مصدر: عرض مجمع الدفاع بسفارة مصر — الحي الدبلوماسي 2024
EMB-16-19,الأعمال الكهربائية والإنارة,كالبند السابق كابل نحاس معزول ومغلف مقاس 4x120mm²CU/XLPE/PVC+1X70mm²G,م.ط,500.0,DITTO INSULATED CUPPER CABLE SIZE 4x120mm²CU/XLPE/PVC+1X70mm²G | مصدر: عرض مجمع الدفاع بسفارة مصر — الحي الدبلوماسي 2024
EMB-16-20,الأعمال الكهربائية والإنارة,كالبند السابق كابل نحاس معزول ومغلف مقاس 4x95mm²CU/XLPE/PVC+1X50mm²G,م.ط,339.0,DITTO INSULATED CUPPER CABLE SIZE 4x95mm²CU/XLPE/PVC+1X50mm²G | مصدر: عرض مجمع الدفاع بسفارة مصر — الحي الدبلوماسي 2024
EMB-16-21,الأعمال الكهربائية والإنارة,كالبند السابق كابل نحاس معزول ومغلف مقاس 4x70mm²CU/XLPE/PVC+1X35mm²G,م.ط,231.0,DITTO INSULATED CUPPER CABLE SIZE 4x70mm²CU/XLPE/PVC+1X35mm²G | مصدر: عرض مجمع الدفاع بسفارة مصر — الحي الدبلوماسي 2024
EMB-16-22,الأعمال الكهربائية والإنارة,كالبند السابق كابل نحاس معزول ومغلف مقاس 4x35mm²CU/XLPE/PVC+16mm²G,م.ط,138.0,DITTO INSULATED CUPPER CABLE SIZE 4x35mm²CU/XLPE/PVC+1X16mm²G | مصدر: عرض مجمع الدفاع بسفارة مصر — الحي الدبلوماسي 2024
EMB-16-23,الأعمال الكهربائية والإنارة,كالبند السابق كابل نحاس معزول ومغلف مقاس 4x16mm²CU/XLPE/PVC+16mm²G,م.ط,96.0,DITTO INSULATED CUPPER CABLE SIZE 4x16mm²CU/XLPE/PVC+1X16mm²G | مصدر: عرض مجمع الدفاع بسفارة مصر — الحي الدبلوماسي 2024
EMB-16-24,الأعمال الكهربائية والإنارة,كالبند السابق كابل نحاس معزول ومغلف مقاس 4x10mm²CU/XLPE/PVC+10mm²G,م.ط,69.0,DITTO INSULATED CUPPER CABLE SIZE 4x10mm²CU/XLPE/PVC+1X10mm²G | مصدر: عرض مجمع الدفاع بسفارة مصر — الحي الدبلوماسي 2024
EMB-16-25,الأعمال الكهربائية والإنارة,كالبند السابق كابل نحاس معزول مقاس 3X6 mm2CU/PVC,م.ط,30.0,DITTO INSULATED CUPPER CABLE SIZE 3x6mm²CU/PVC | مصدر: عرض مجمع الدفاع بسفارة مصر — الحي الدبلوماسي 2024
EMB-16-26,الأعمال الكهربائية والإنارة,كالبند السابق كابل نحاس معزول مقاس 3X4 mm2CU/PVC,م.ط,20.0,DITTO INSULATED CUPPER CABLE SIZE 3x4mm²CU/PVC | مصدر: عرض مجمع الدفاع بسفارة مصر — الحي الدبلوماسي 2024
EMB-16-27,الأعمال الكهربائية والإنارة,طراز A كما موضح بالمخطط,بالعدد,1588.0,Lighting Fixture Type A | مصدر: عرض مجمع الدفاع بسفارة مصر — الحي الدبلوماسي 2024
EMB-16-28,الأعمال الكهربائية والإنارة,طرازة B1 كما موضح بالمخطط,بالعدد,564.0,Lighting Fixture Type B1 | مصدر: عرض مجمع الدفاع بسفارة مصر — الحي الدبلوماسي 2024
EMB-16-29,الأعمال الكهربائية والإنارة,طرازة B2 كما موضح بالمخطط,بالعدد,520.0,Lighting Fixture Type B2 | مصدر: عرض مجمع الدفاع بسفارة مصر — الحي الدبلوماسي 2024
EMB-16-30,الأعمال الكهربائية والإنارة,طراز C كما موضح بالمخطط,بالعدد,500.0,Lighting Fixture Type C | مصدر: عرض مجمع الدفاع بسفارة مصر — الحي الدبلوماسي 2024
EMB-16-31,الأعمال الكهربائية والإنارة,طراز D كما موضح بالمخطط,بالعدد,538.0,Lighting Fixture Type D | مصدر: عرض مجمع الدفاع بسفارة مصر — الحي الدبلوماسي 2024
EMB-16-32,الأعمال الكهربائية والإنارة,طراز J كما موضح بالمخطط,بالعدد,536.0,Lighting Fixture Type J | مصدر: عرض مجمع الدفاع بسفارة مصر — الحي الدبلوماسي 2024
EMB-16-33,الأعمال الكهربائية والإنارة,طراز K كما موضح بالمخطط,بالعدد,470.0,Lighting Fixture Type K | مصدر: عرض مجمع الدفاع بسفارة مصر — الحي الدبلوماسي 2024
EMB-16-34,الأعمال الكهربائية والإنارة,طراز K1 كما موضح بالمخطط,بالعدد,550.0,Lighting Fixture Type K1 | مصدر: عرض مجمع الدفاع بسفارة مصر — الحي الدبلوماسي 2024
EMB-16-35,الأعمال الكهربائية والإنارة,طراز L كما موضح بالمخطط,بالعدد,560.0,Lighting Fixture Type L | مصدر: عرض مجمع الدفاع بسفارة مصر — الحي الدبلوماسي 2024
EMB-16-36,الأعمال الكهربائية والإنارة,طرازة M كما موضح بالمخطط,بالعدد,580.0,Lighting Fixture Type M | مصدر: عرض مجمع الدفاع بسفارة مصر — الحي الدبلوماسي 2024
EMB-16-37,الأعمال الكهربائية والإنارة,طرازة N كما موضح بالمخطط,بالعدد,620.0,Lighting Fixture Type N | مصدر: عرض مجمع الدفاع بسفارة مصر — الحي الدبلوماسي 2024
EMB-16-38,الأعمال الكهربائية والإنارة,طرازة N1 كما موضح بالمخطط,بالعدد,738.0,Lighting Fixture Type N1 | مصدر: عرض مجمع الدفاع بسفارة مصر — الحي الدبلوماسي 2024
EMB-16-39,الأعمال الكهربائية والإنارة,مفتاح انارة احادي 13أمبير، 230 فولت,بالعدد,176.0,"One gang ,one way switch, 13A,230V | مصدر: عرض مجمع الدفاع بسفارة مصر — الحي الدبلوماسي 2024"
EMB-16-40,الأعمال الكهربائية والإنارة,"مفتاح انارة احادي 13أمبير، 230 فولت,wp",بالعدد,235.0,"One gang ,one way switch, 13A,230V,wp | مصدر: عرض مجمع الدفاع بسفارة مصر — الحي الدبلوماسي 2024"
EMB-16-41,الأعمال الكهربائية والإنارة,مفتاح انارة ثنائي 13 أمبير،230 فولت,بالعدد,235.0,"Two gang ,one way switch, 13A,230V | مصدر: عرض مجمع الدفاع بسفارة مصر — الحي الدبلوماسي 2024"
EMB-16-42,الأعمال الكهربائية والإنارة,"مخرج ومقبس مفرد 13 أمبير,230 فولت",بالعدد,380.0,"single socket outlet, 13A, 230V | مصدر: عرض مجمع الدفاع بسفارة مصر — الحي الدبلوماسي 2024"
EMB-16-43,الأعمال الكهربائية والإنارة,"مخرج ومقبس مزدوج 13 أمبير,230 فولت",بالعدد,450.0,"Double socket outlet, 13A, 230V | مصدر: عرض مجمع الدفاع بسفارة مصر — الحي الدبلوماسي 2024"
EMB-16-44,الأعمال الكهربائية والإنارة,"مخرج ومقبس مفرد 13 أمبير,230 فولت,WP",بالعدد,480.0,"single socket outlet,WP, 13A, 230V | مصدر: عرض مجمع الدفاع بسفارة مصر — الحي الدبلوماسي 2024"
EMB-16-45,الأعمال الكهربائية والإنارة,"مخرج ومقبس 13 أمبير , 230 فولت, GFCI",بالعدد,650.0,"Single socket outlet,GFCI, 13A, 230V | مصدر: عرض مجمع الدفاع بسفارة مصر — الحي الدبلوماسي 2024"
EMB-16-46,الأعمال الكهربائية والإنارة,"مخرج ومقبس مزدوج 13 أمبير, 230 فولت, GFCI",بالعدد,770.0,"Double socket outlet,GFCI, 13A, 230V | مصدر: عرض مجمع الدفاع بسفارة مصر — الحي الدبلوماسي 2024"
EMB-16-47,الأعمال الكهربائية والإنارة,مخرج للستائر,بالعدد,293.0,electrical outlet for curtain | مصدر: عرض مجمع الدفاع بسفارة مصر — الحي الدبلوماسي 2024
EMB-16-48,الأعمال الكهربائية والإنارة,مخرج لمجفف الأيدى,بالعدد,345.0,Hand dryer | مصدر: عرض مجمع الدفاع بسفارة مصر — الحي الدبلوماسي 2024
EMB-16-49,الأعمال الكهربائية والإنارة,مخرج لماتور البوابه,بالعدد,1583.0,electrical outlet for gate motor | مصدر: عرض مجمع الدفاع بسفارة مصر — الحي الدبلوماسي 2024
EMB-16-50,الأعمال الكهربائية والإنارة,"مخرج ومقبس مفرد 32 أمبير,230 فولت",بالعدد,1458.0,"single socket outlet, 32A, 230V | مصدر: عرض مجمع الدفاع بسفارة مصر — الحي الدبلوماسي 2024"
EMB-16-51,الأعمال الكهربائية والإنارة,"صندوق ارضي و يشمل( مخرج مفرد 13 أمبير , مخرج مزدوج 13 أمبير,مخرج بيانات,مخرج ups ،مخرج للتليفزيون )",بالعدد,1400.0,"floor box contains(Single socket outlet 13A,Double socket outlet 13A,  | مصدر: عرض مجمع الدفاع بسفارة مصر — الحي الدبلوماسي 2024"
EMB-16-52,الأعمال الكهربائية والإنارة,"صندوق ارضي و يشمل(مخرج مفرد 13 أمبير , مخرج مزدوج 13 أمبير,2مخرج بيانات)",بالعدد,1583.0,"floor box contains(Single socket outlet 13A,Double socket outlet 13A,  | مصدر: عرض مجمع الدفاع بسفارة مصر — الحي الدبلوماسي 2024"
EMB-16-53,الأعمال الكهربائية والإنارة,"مفتاح فصل جداري تيار 32 أمبير,230 فولت",بالعدد,595.0,"Disconnect switch, with pilot light ,32A,2P, 230V | مصدر: عرض مجمع الدفاع بسفارة مصر — الحي الدبلوماسي 2024"
EMB-16-54,الأعمال الكهربائية والإنارة,"مفتاح فصل جداري تيار 32 أمبير,230 فولت مقاوم للعوامل الجوية",بالعدد,688.0,"Disconnect switch, with pilot light ,32A,2P, 230V,WP | مصدر: عرض مجمع الدفاع بسفارة مصر — الحي الدبلوماسي 2024"
EMB-16-55,الأعمال الكهربائية والإنارة,"مفتاح فصل تيار 20 أمبير,230 فولت",بالعدد,570.0,"Disconnect switch, with pilot light ,20A,2P, 230V | مصدر: عرض مجمع الدفاع بسفارة مصر — الحي الدبلوماسي 2024"
EMB-16-56,الأعمال الكهربائية والإنارة,"مفتاح فصل تيار 20 أمبير,230 فولت مقاوم للعوامل الجوية",بالعدد,645.0,"Disconnect switch, with pilot light ,20A,2P, 230V,WP | مصدر: عرض مجمع الدفاع بسفارة مصر — الحي الدبلوماسي 2024"
EMB-16-57,الأعمال الكهربائية والإنارة,"مفتاح فصل جداري تيار 32أمبير,ثلاثى الأطوار 400فولت مقاوم للعوامل الجوية",بالعدد,650.0,"Disconnect switch, with pilot light ,32A,3Ph, 400V,WP | مصدر: عرض مجمع الدفاع بسفارة مصر — الحي الدبلوماسي 2024"
EMB-16-58,الأعمال الكهربائية والإنارة,"مفتاح فصل جداري تيار 100أمبير,ثلاثى الأطوار 400فولت مقاوم للعوامل الجوية",بالعدد,1413.0,"Disconnect switch, with pilot light ,100A,3Ph, 400V,WP | مصدر: عرض مجمع الدفاع بسفارة مصر — الحي الدبلوماسي 2024"
EMB-16-59,الأعمال الكهربائية والإنارة,"مفتاح فصل جداري تيار 63 أمبير,ثلاثى الأطوار 400فولت",بالعدد,1175.0,"Disconnect switch, with pilot light ,63A,3Ph, 400V | مصدر: عرض مجمع الدفاع بسفارة مصر — الحي الدبلوماسي 2024"
EMB-16-60,الأعمال الكهربائية والإنارة,"مفتاح فصل جداري تيار 125 أمبير,ثلاثى الأطوار 400فولت مقاوم للعوامل الجوية",بالعدد,1745.0,"Disconnect switch, with pilot light ,125A,3Ph, 400V,WP | مصدر: عرض مجمع الدفاع بسفارة مصر — الحي الدبلوماسي 2024"
EMB-16-61,الأعمال الكهربائية والإنارة,كاشف دخان من النوع المعنون.,بالعدد,531.0,Addressable smoke detector | مصدر: عرض مجمع الدفاع بسفارة مصر — الحي الدبلوماسي 2024
EMB-16-62,الأعمال الكهربائية والإنارة,كاشف متعدد من النوع المعنون.,بالعدد,564.0,Addressable MULTI detector | مصدر: عرض مجمع الدفاع بسفارة مصر — الحي الدبلوماسي 2024
EMB-16-63,الأعمال الكهربائية والإنارة,كاسر يدوي من النوع المعنون.,بالعدد,550.0,Addressable manual call point | مصدر: عرض مجمع الدفاع بسفارة مصر — الحي الدبلوماسي 2024
EMB-16-64,الأعمال الكهربائية والإنارة,جرس انذار مع فلاشر,بالعدد,606.0,Addressable fire alarm bell with flash | مصدر: عرض مجمع الدفاع بسفارة مصر — الحي الدبلوماسي 2024
EMB-16-65,الأعمال الكهربائية والإنارة,جرس انذار مع فلاش مقاوم للعوامل الجوية.,بالعدد,725.0,Addressable fire alarm bell with flash weather proof | مصدر: عرض مجمع الدفاع بسفارة مصر — الحي الدبلوماسي 2024
EMB-16-66,الأعمال الكهربائية والإنارة,وحدة مراقبة للربط مع الأنظمة الأخرى,بالعدد,1000.0,Monitor module | مصدر: عرض مجمع الدفاع بسفارة مصر — الحي الدبلوماسي 2024
EMB-16-67,الأعمال الكهربائية والإنارة,وحدة تحكم,بالعدد,1000.0,Control module | مصدر: عرض مجمع الدفاع بسفارة مصر — الحي الدبلوماسي 2024
EMB-16-68,الأعمال الكهربائية والإنارة,كاشف حراري من النوع المعنون,بالعدد,1000.0,addresable heat detector | مصدر: عرض مجمع الدفاع بسفارة مصر — الحي الدبلوماسي 2024
EMB-16-69,الأعمال الكهربائية والإنارة,لوحة انذار الحريق من النوع المعنون سعة 2 لوب والبند يشتمل على البرمجة وجميع الاعمال المدنية والكهربائية اللازمة للتشغيل وتحتوى على طابعة وشاحن وبطارية,بالعدد,16000.0,Addressable Fire alarm control panel with a capacity of 2 loops. The i | مصدر: عرض مجمع الدفاع بسفارة مصر — الحي الدبلوماسي 2024
EMB-16-69-1,الأعمال الكهربائية والإنارة,توريد وتركيب مخرج بيانات RJ45 CAT6. حائطي,بالعدد,625.0,Wall mounted RJ45. CAT6 outlet | مصدر: عرض مجمع الدفاع بسفارة مصر — الحي الدبلوماسي 2024
EMB-16-70,الأعمال الكهربائية والإنارة,توريد وتركيب مخرج بيانات RJ45 .CAT6 في السقف لنقطة الواي فاي,بالعدد,564.0,Ceiling mounted RJ45.CAT6 outlet for wifi device | مصدر: عرض مجمع الدفاع بسفارة مصر — الحي الدبلوماسي 2024
EMB-16-71,الأعمال الكهربائية والإنارة,توريد وتركيب مقبس بيانات RJ45 CAT6,بالعدد,488.0,Data Socket RJ45 | مصدر: عرض مجمع الدفاع بسفارة مصر — الحي الدبلوماسي 2024
EMB-16-72,الأعمال الكهربائية والإنارة,صندوق تجميع راك شامل مرواح التهوية ومخارج الكهرباء وجميع الملحقات,بالعدد,5000.0,Data Rack | مصدر: عرض مجمع الدفاع بسفارة مصر — الحي الدبلوماسي 2024
EMB-16-73,الأعمال الكهربائية والإنارة,موزع (سويتش) 24 مخرج,بالعدد,17675.0,PoE Switch 24 port | مصدر: عرض مجمع الدفاع بسفارة مصر — الحي الدبلوماسي 2024
EMB-16-74,الأعمال الكهربائية والإنارة,موزع (سويتش) 48 مخرج,بالعدد,24700.0,PoE Switch 48 port | مصدر: عرض مجمع الدفاع بسفارة مصر — الحي الدبلوماسي 2024
EMB-16-75,الأعمال الكهربائية والإنارة,توريد وتركيب واختبار وتشغيل لوحة تجميع PATCH PANEL لعدد 24 منفذ ومحمل على البند الــــPatch cord وتشمل جميع الإكسسوارات اللازمة .,بالعدد,2860.0,Supply، install and test 24 PORTS PATCH PANEL Cat-6 Complete with all  | مصدر: عرض مجمع الدفاع بسفارة مصر — الحي الدبلوماسي 2024
EMB-16-76,الأعمال الكهربائية والإنارة,توريد وتركيب واختبار وتشغيل لوحة تجميع PATCH PANEL لعدد 48 منفذ ومحمل على البند الــــPatch cord وتشمل جميع الإكسسوارات اللازمة .,بالعدد,2765.0,Supply، install and test 48 PORTS PATCH PANEL Cat-6 Complete with all  | مصدر: عرض مجمع الدفاع بسفارة مصر — الحي الدبلوماسي 2024
EMB-16-77,الأعمال الكهربائية والإنارة,لوحات الوصلات الفايبر 8 مخرج,بالعدد,4488.0,Fiber Patch Panel 8 port | مصدر: عرض مجمع الدفاع بسفارة مصر — الحي الدبلوماسي 2024
EMB-16-78,الأعمال الكهربائية والإنارة,مقبس التلفزيون,بالعدد,150.0,Wall mounted TV socket | مصدر: عرض مجمع الدفاع بسفارة مصر — الحي الدبلوماسي 2024
EMB-16-79,الأعمال الكهربائية والإنارة,مخرج RG-11 كيبل محوري,بالعدد,329.0,Outlet with wiring of RG-11 Coaxial cable | مصدر: عرض مجمع الدفاع بسفارة مصر — الحي الدبلوماسي 2024
EMB-16-80,الأعمال الكهربائية والإنارة,مقسم مدخلين و 8 مخارج,بالعدد,1250.0,Sat- IF Splitter with two incoming and 8 outgoing min | مصدر: عرض مجمع الدفاع بسفارة مصر — الحي الدبلوماسي 2024
EMB-16-81,الأعمال الكهربائية والإنارة,الدش شامل جميع الاكسسوارات,بالعدد,2400.0,Satellite dish complete with all its accessories and cabling to the sp | مصدر: عرض مجمع الدفاع بسفارة مصر — الحي الدبلوماسي 2024
EMB-16-82,الأعمال الكهربائية والإنارة,توريد وتركيب واختبار نظام انتركوم يتكون من وحدتيى اتصال وحدة على باب المدخل الرئيسي والأخرى بغرفة الأمن وتكون وحدات الاتصال من النوع المزود بكاميرا مع,مقطوعية,14000.0,"Supply, installation, and testing of an intercom system consisting of  | مصدر: عرض مجمع الدفاع بسفارة مصر — الحي الدبلوماسي 2024"
EMB-16-83,الأعمال الكهربائية والإنارة,"كاميرا خارجية ملونة متحركة بزاوية 180درجة من النوع PTZ CAMERA 16MP, , ضد العوامل الجوية IP67 , وبجودة 8K مع رؤية ليلية.",بالعدد,5000.0,"IP CCTV outdoor color PTZ camera with 180-degree movement, 16MP, weath | مصدر: عرض مجمع الدفاع بسفارة مصر — الحي الدبلوماسي 2024"
EMB-16-84,الأعمال الكهربائية والإنارة,"كاميرا داخلية تركب بالممرات والسلالم وببهو المصعد مثبتة بالسقف من النوع دووم 360 درجة ,عدسة 2.8-12مم 16ميجا بكسل وبجودة 8K مع رؤية ليلية.",بالعدد,2800.0,"IP CCTV indoor ceiling-mounted dome camera for hallways, staircases, a | مصدر: عرض مجمع الدفاع بسفارة مصر — الحي الدبلوماسي 2024"
EMB-16-85,الأعمال الكهربائية والإنارة,شاشة عرض من النوع السمارت 65 بوصة بجودة 8K,بالعدد,7800.0,65 inch 8K Smart TV | مصدر: عرض مجمع الدفاع بسفارة مصر — الحي الدبلوماسي 2024
EMB-16-86,الأعمال الكهربائية والإنارة,جهاز التسجيلIP NVR 32 CHINAL وسعة تخزين 8 تيرابايت ،وبجودة 8K وخاصية التحكم فى حركة الكاميرات الـــPTZ .,بالعدد,39000.0,"NVR (NETWORKBVIDEO RECORDER) 32port,8TB,And in 8K quality with PTZ (Pa | مصدر: عرض مجمع الدفاع بسفارة مصر — الحي الدبلوماسي 2024"
EMB-16-87,الأعمال الكهربائية والإنارة,جهاز PC للنظام شامل جميع الاكسسورات والبرامج والاختبارات.,بالعدد,7990.0,"PC system including all accessories, software and tests. | مصدر: عرض مجمع الدفاع بسفارة مصر — الحي الدبلوماسي 2024"
EMB-16-88,الأعمال الكهربائية والإنارة,"كابينة معدنية شاملة المراوح ووحدات التغذية الكهربائية ,والربط مع نظام الانذار وجميع الكماليات والتوصيلات اللازمة حسب المخططات مع ثلاثة وحدات من مكبرات",بالعدد,25000.0,"Public address Rack cabinet including fans, electrical supply,interfac | مصدر: عرض مجمع الدفاع بسفارة مصر — الحي الدبلوماسي 2024"
EMB-16-89,الأعمال الكهربائية والإنارة,سماعة مثبتة على السقف 10 واط من افخم واجود الانواع وحسب اعتماد الجهة المشرفة والمالك,بالعدد,600.0,"Ceiling-mounted speaker, 10 watts, of the finest and highest quality,  | مصدر: عرض مجمع الدفاع بسفارة مصر — الحي الدبلوماسي 2024"
EMB-16-90,الأعمال الكهربائية والإنارة,ميكروفون بخصائص إعادة تشكيل فائقة، مع مستوى استجابة ترددي يتراوح بين 20 هرتز و20 كيلو هرتز، ونسبة التخميد أكثر من 14 ديسيبل، ومجهز بمفتاح تشغيل/إيقاف ,بالعدد,1833.0,"Microphone directional with super rein form characteristics , with fre | مصدر: عرض مجمع الدفاع بسفارة مصر — الحي الدبلوماسي 2024"
EMB-16-91,الأعمال الكهربائية والإنارة,مخرج HDMI,بالعدد,713.0,HDMI OUTLET | مصدر: عرض مجمع الدفاع بسفارة مصر — الحي الدبلوماسي 2024
EMB-16-92,الأعمال الكهربائية والإنارة,توريد وتركيب وتشغيل شاشة عرض تركب بغرفة الاجتماعات بمقاس 85 بوصة بجودة high definition,بالعدد,14340.0,"Supply, Installation, and Operation of a Display Screen 85inch high de | مصدر: عرض مجمع الدفاع بسفارة مصر — الحي الدبلوماسي 2024"
EMB-16-93,الأعمال الكهربائية والإنارة,توريد وتركيب واختبار وتشغيل شاشة عرض الكترونية مقاس 95 بوصة تركب بمدخل البهو على ان يشتمل البند على كافة التوصيلات اللازمة للعمل على الوجه الأكمل.,بالعدد,18000.0,"Supply, install, test, and commission a 95-inch electronic display scr | مصدر: عرض مجمع الدفاع بسفارة مصر — الحي الدبلوماسي 2024"
EMB-16-94,الأعمال الكهربائية والإنارة,لوحة التحكم الرئيسية,بالعدد,13000.0,Access Control Panel | مصدر: عرض مجمع الدفاع بسفارة مصر — الحي الدبلوماسي 2024
EMB-16-95,الأعمال الكهربائية والإنارة,صندوق تجميع,بالعدد,3765.0,Access Control System Assembly Box | مصدر: عرض مجمع الدفاع بسفارة مصر — الحي الدبلوماسي 2024
EMB-16-96,الأعمال الكهربائية والإنارة,جهاز قاريء بطاقات / السماح بالدخول عن طريق التحقق من الهوية Card reader,بالعدد,3000.0,Card Reader | مصدر: عرض مجمع الدفاع بسفارة مصر — الحي الدبلوماسي 2024
EMB-16-97,الأعمال الكهربائية والإنارة,زر انضغاطى للخروجِ Request to Exit push button.,بالعدد,850.0,Request to Exit push button | مصدر: عرض مجمع الدفاع بسفارة مصر — الحي الدبلوماسي 2024
EMB-16-98,الأعمال الكهربائية والإنارة,قفل باب مغناطيسي( ماسك الأبواب ),بالعدد,1500.0,Magnetic Contact | مصدر: عرض مجمع الدفاع بسفارة مصر — الحي الدبلوماسي 2024
EMB-16-99,الأعمال الكهربائية والإنارة,توريد وتركيب وتشغيل واختبار نظام أمنى بتحكم يدوى بالكامل على البوابة الرئيسية للمبنى بموتور للمصرح لهم بدخول وخروج المركبات والافراد والدخول بواسطة أف,بالعدد,35000.0,"Supply, Installation, Operation, and Testing of a Fully Automated Secu | مصدر: عرض مجمع الدفاع بسفارة مصر — الحي الدبلوماسي 2024"
EMB-16-100,الأعمال الكهربائية والإنارة,توريد وتركيب واختبار وتوصيل نظام تأريض كامل المشروع ويشمل البند جميع الكابلات والأسلاك بجميع المقاسات وابيار الأرضي والقضبان النحاسية وقضبان الموازنة ,مقطوعية,46000.0,Supply، install، test and connect full earthing system Item includes a | مصدر: عرض مجمع الدفاع بسفارة مصر — الحي الدبلوماسي 2024
EMB-16-101,الأعمال الكهربائية والإنارة,نظام التأريض الخاص بنظام التيار الخفيف :- توريد وتركيب بئر ارضىinspection pit with earth rod triangular counterpoise كامل كما بالمخططات والتفاصيل المو,مقطوعية,23500.0,Supply، install، test and connect full earthing for low current system | مصدر: عرض مجمع الدفاع بسفارة مصر — الحي الدبلوماسي 2024
EMB-16-102,الأعمال الكهربائية والإنارة,توريد وتركيب واختبار محول جاف قدرة 500 ك.ف.أ ثلاثي الأوجه - و كل ما يلزم للتركيب والتثبيت والاختبار والتوصيل لاكمال العمل على الوجه الأكمل طبقاً للموا,بالعدد,225000.0,"Supply, installation and testing of a 500 KVA three-phase dry transfor | مصدر: عرض مجمع الدفاع بسفارة مصر — الحي الدبلوماسي 2024"
EMB-16-103,الأعمال الكهربائية والإنارة,توريد وتركيب واختبار كافة التوصيلات اللازمة للمولد الاحتياطى، وعمل التأسيسات اللازمة لخزان الديزل اليومي والشهري وجميع التوصيلات الميكانيكية والكهربائ,مقطوعية,50200.0,"Supply, installation, and testing of all necessary connections for the | مصدر: عرض مجمع الدفاع بسفارة مصر — الحي الدبلوماسي 2024"
EMB-16-105,الأعمال الكهربائية والإنارة,توريد وتركيب واختبار مفتاح التحويل ATS قدرة 200 امبير,بالعدد,23750.0,"Supply, installation and testing of ATS 200 A | مصدر: عرض مجمع الدفاع بسفارة مصر — الحي الدبلوماسي 2024"
EMB-16-106,الأعمال الكهربائية والإنارة,مصدر طاقة غير متقطع UPS قدرة 20 كيلو فولت امبير،للعمل لمدة 20 دقيقة,بالعدد,70500.0,"20 KVA UPS ,batteries for 20 min back up | مصدر: عرض مجمع الدفاع بسفارة مصر — الحي الدبلوماسي 2024"
QDA-2.1,خرسانات اللاندسكيب والمواقع,قاعدة خرسانية C32/40 سماكة 150مم أسفل البلاط (شاملة الحديد والقوالب),م2,110,مصدر: عرض القدية SPEEDPARK رقم 110341
QDA-2.2,خرسانات اللاندسكيب والمواقع,خرسانة عادية نظافة C16/20 سماكة 50مم أسفل قواعد الجدران,م3,950,مصدر: عرض القدية SPEEDPARK رقم 110341
QDA-2.3,خرسانات اللاندسكيب والمواقع,خرسانة قاعدة لبلوك القنوات CS1 للطرق,م3,950,مصدر: عرض القدية SPEEDPARK رقم 110341
QDA-2.4,خرسانات اللاندسكيب والمواقع,جدران أحواض الزهور وقواعدها EXT-903 خرسانة مسلحة C32/40,م3,1750,مصدر: عرض القدية SPEEDPARK رقم 110341
QDA-2.5,خرسانات اللاندسكيب والمواقع,جدران الدروة (Parapet) وقواعدها EXT-920 خرسانة مسلحة,م3,1750,مصدر: عرض القدية SPEEDPARK رقم 110341
QDA-2.6,خرسانات اللاندسكيب والمواقع,درجات وسلالم خرسانية,م3,1750,مصدر: عرض القدية SPEEDPARK رقم 110341
QDA-3.1,خرسانات اللاندسكيب والمواقع,سكريد (Screed) متوسط سماكة 70مم,م2,50,مصدر: عرض القدية SPEEDPARK رقم 110341
QDA-3.2,خرسانات اللاندسكيب والمواقع,سكريد متوسط سماكة 150مم,م2,75,مصدر: عرض القدية SPEEDPARK رقم 110341
QDA-3.3,خرسانات اللاندسكيب والمواقع,سكريد متوسط سماكة 50مم,م2,50,مصدر: عرض القدية SPEEDPARK رقم 110341
QDA-3.4,خرسانات اللاندسكيب والمواقع,سكريد متوسط سماكة 220مم,م2,110,مصدر: عرض القدية SPEEDPARK رقم 110341
QDA-3.5,خرسانات اللاندسكيب والمواقع,سكريد متوسط سماكة 30مم,م2,50,مصدر: عرض القدية SPEEDPARK رقم 110341
XG-001,أنظمة البوابات والتحكم بالدخول,بوابة TISO XGate-GS موتور زجاجية 600مم ثنائية الاتجاه IP41 (ممر 900مم),عدد,19280,مصدر: عرض X Gate رقم 110323
XG-002,أنظمة البوابات والتحكم بالدخول,تركيب واختبار وتشغيل بوابة دخول (ITC),عدد,4200,مصدر: عرض X Gate رقم 110323
